QUESTION_TEXT,OPTION_1,OPTION_2,OPTION_3
"-12 - ضرورة قيام جميع الدول الحائزة للأسلحة النووية ، وغيرها من الدول المسلحة نوويا ، على بذل مزيد من الجهود لخفض ترساناتها النووية ، والعمل في وقت مبكر لتمهيد الطريق - عن طريق إ ـ ـ ـ ء الدراسات والحوارات الاستراتيجية مع بعضها البعض ، والأعمال التحضيرية في مؤتمر نزع السلاح - من أجل تعهد عملية متعددة الأطراف لنزع السلاح .-

- الحرف الأول [ إ ] - الحرف الأخير [ ء ] - [ إ ـ ـ ـ ء ] - عدد الحروف 5 -",إجراء,اجراء,إجراءه
"-31 - أجرت نائبة ممثلي الخاص / المنسقة المقيمة ومنسقة الشؤون الإنسانية للعراق المعينة حديثا ، السيدة كريستين مكناب ، سلسلة من الاجتماعات الهامة مع حكومة العراق ، بما في ذلك اجتماعات مع ر ـ ـ ـ  الوزراء ووزير الخارجية ووزير التخطيط والشركاء الدوليين في العراق والمنطقة ، من أجل مناقشة دور الأمم المتحدة والدعم الذي ستقدمه في مجالات التنمية والتعمير والمساعدة الغوثية .-

- الحرف الأول [ ر ] - [ ر ـ ـ ـ  ] - عدد الحروف 4 -",رئيس,ورئيس,ئيس
"-وتم التماس الدعم لهذا الإعلان أثناء الاجتماع المسكوني العالمي الخاص بالمياه الذي عقد في إطار ا ـ ـ ـ ـ ة التاسعة لمجلس الكنائس العالمي في البرازيل في شباط / فبراير 2006 ، وشارك فيه أيضا ممثلون للمؤتمر الأسقفي لأمريكا اللاتينية والمؤتمر الأسقفي الأوروبي .-

- الحرف الأول [ ا ] - الحرف الأخير [ ة ] - [ ا ـ ـ ـ ـ ة ] - عدد الحروف 6 -",الدورة,والدورة,بالدورة
"-ولأول مرة قامت ك ـ ـ ـ  الحقوق في عام 1990 بإدخال مناهج حقوق الإنسان كمقرر دراسي مستقل لطلاب السنة الرابعة ، كما خصصت لها دبلوما في الدراسات العليا .-

- الحرف الأول [ ك ] - [ ك ـ ـ ـ  ] - عدد الحروف 4 -",كلية,من كلية,وكلية
"-52 - توفير ا ـ ـ ـ ـ ـ د الكافية : من الضروري أن تستمر المحكمة في تلقي ا ـ ـ ـ ـ ـ د الضرورية ، سعيا للتقيد بالأطر الزمنية التي حددها مجلس الأمن في قراريه 1503 ( 2003 ) و 1534 ( 2004 ) .-

- الحرف الأول [ ا ] - الحرف الأخير [ د ] - [ ا ـ ـ ـ ـ ـ د ] - عدد الحروف 7 -",الموارد,والموارد,المواردى
"-وينبغي اعتبار التعذيب وتعريفه في التشريعات ا ـ ـ ـ ـ ـ ة كجريمة خطيرة إلى أقصى الحدود .-

- الحرف الأول [ ا ] - الحرف الأخير [ ة ] - [ ا ـ ـ ـ ـ ـ ة ] - عدد الحروف 7 -",الوطنية,لوطنية,بالوطنية
"-وإذ تعرب عن قلقها إزاء استغلال إسرائيل ، السلطة القائمة بالاحتلال ، للموارد الطبيعية في الأرض الفلسطينية المحتلة ، بما فيها القدس ، والأراضي العربية الأخرى التي تحتلها إسرائيل م ـ ـ  عام 1967 ،-

- الحرف الأول [ م ] - [ م ـ ـ  ] - عدد الحروف 3 -",منذ,ومنذ,فمنذ
"-26 - خلال ا ـ ـ ـ ـ ة المشمولة بالتقرير ، بدأت الأفرقة العاملة المنشأة لإقامة حوار مباشر بشأن المسائل التقنية بين برشتينا وبلغراد في العمل على نحو بطيء .-

- الحرف الأول [ ا ] - الحرف الأخير [ ة ] - [ ا ـ ـ ـ ـ ة ] - عدد الحروف 6 -",الفترة,والفترة,فالفترة
"-٦٥٨ - وفضلا عن ذلك ، تقابل وكيل الأمين العام للشؤون الإنسانية خلال هذه البعثة وكذلك الممثل الخاص للأمين العام لرواندا ، مع نائب الرئيس كاغامي وغيره من كبار المسؤولين في الحكومة ا ـ ـ ـ ـ ـ ة في رواندا لمناقشة كيفية إمكانية توصيل المعونة الإنسانية إلى جميع أنحاء البلد والخطوات العاجلة المطلوب اتخاذها لتهيئة ظروف ملائمة لعودة اللاجئين والمشردين .-

- الحرف الأول [ ا ] - الحرف الأخير [ ة ] - [ ا ـ ـ ـ ـ ـ ة ] - عدد الحروف 7 -",الجديدة,لجديدة,للجديدة
"-وقد حظيت هذه المسألة بالاهتمام على سبيل الأولوية من جانب الاجتماع الأول لعملية الأمم المتحدة التشاورية غير الرسمية المفتوحة المعنية بشؤون المحيطات وقانون البحار ( نيويورك ، 30 أيار / مايو - 2 حزيران / يونيه 2000 ) ، حيث رحب الاجتماع بالأعمال التي تضطلع بها منظمة الأغذية والزراعة لوضع خطة عمل دولية شاملة لمنع الصيد غير المشروع وغير المبلغ عنه وغير المنظم وردعه والقضاء عليه ، وفقا ل ـ ـ ـ ـ ـ ن الدولي .-

- الحرف الأول [ ل ] - الحرف الأخير [ ن ] - [ ل ـ ـ ـ ـ ـ ن ] - عدد الحروف 7 -",للقانون,وللقانون,لقانون
"-والتحدي الرئيسي الذي يواجه صانعي السياسات في الدول الأعضاء هو تسريع عملية تحقيق ا ـ ـ ـ ـ ـ ف الواردة في إعلان الأمم المتحدة بشأن الألفية .-

- الحرف الأول [ ا ] - الحرف الأخير [ ف ] - [ ا ـ ـ ـ ـ ـ ف ] - عدد الحروف 7 -",الأهداف,والأهداف,كالأهداف
"-( ب ) التعاون بشأن نهج مشترك لعمليات تقليص الإنبعاثات في منظومة الأمم المتحدة ، عن طريق إعداد خطط لتخفيض الإنبعاثات لدى منظمات الأمم المتحدة ، والعمل مع الشبكات المشتركة للوكالات المختصة بما في ذلك الشبكات العاملة في مجال السفر ، إدارة المرافق ، الشراء وتكنولوجيا ا ـ ـ ـ ـ ـ ـ ـ ت والاتصالات ، بشأن كيفية تطبيق سياسات الإدارة ذات الصلة أو تطويعها لدعم الإدارة المستدامة ؛-

- الحرف الأول [ ا ] - الحرف الأخير [ ت ] - [ ا ـ ـ ـ ـ ـ ـ ـ ت ] - عدد الحروف 9 -",المعلومات,المعلوماتى,ولمعلومات
"-وفي الحالات التي تكون الدول الأطراف في اتفاقية القضاء على التمييز العنصري قد أنشأت أو حددت هيئة وطنية مختصة لتلقي التماسات الأفراد أو جماعات الأفراد الذين يدعون أنهم ضحايا التمييز العنصري ، فإنه لا يجوز لهؤلاء المشتكين أن يعرضوا المسألة على لجنة القضاء على التمييز العنصري إلا إذا أخفقوا في الحصول على نتيجة مرضية من الهيئة ا ـ ـ ـ ـ ـ ة .-

- الحرف الأول [ ا ] - الحرف الأخير [ ة ] - [ ا ـ ـ ـ ـ ـ ة ] - عدد الحروف 7 -",الوطنية,لوطنية,بالوطنية
"-ويجري في الفترة 1999 - 2003 تنفيذ برنامج بشأن إ ـ ـ ـ ة تأهيل الصناعة الخفيفة وتنميتها ، كما يجري وضع برنامج للاستعاضة عن الصادرات في قطاعي الصناعة الخفيفة وصناعة الأغذية للفترة 2000 - 2003 .-

- الحرف الأول [ إ ] - الحرف الأخير [ ة ] - [ إ ـ ـ ـ ة ] - عدد الحروف 5 -",إعادة,إعاد,وإعادة
"-65 / 288 - التقديرات ا ـ ـ ـ ـ ـ ـ ة بالبعثات السياسية الخاصة والمساعي الحميدة والمبادرات السياسية الأخرى التي تأذن بها الجمعية العامة و / أو مجلس الأمن-

- الحرف الأول [ ا ] - الحرف الأخير [ ة ] - [ ا ـ ـ ـ ـ ـ ـ ة ] - عدد الحروف 8 -",المتعلقة,والمتعلقة,ومتعلقة
"-وهل يتمتعون بمركز الأقليات فيما يخص حماية حقوق الإنسان ؟ وما هي نتيجة المداولات بشأن المسائل المتعلقة بالشعوب الأصلية التي قيل في الفقرة 765 إنها قيد البحث ؟ وهل يعتبر ا ـ ـ ـ ـ ز القانوني لتتار القرم في نفس مستوى مركز الأقليات القومية ؟ كذلك فإن حالة الأقليات اللغوية ( المشار إليها في المادة 27 من العهد ) التي لا تعتبر في الوقت نفسه أقليات قومية غير واضحة .-

- الحرف الأول [ ا ] - الحرف الأخير [ ز ] - [ ا ـ ـ ـ ـ ز ] - عدد الحروف 6 -",المركز,والمركز,وبالمركز
"-ويضاف إلى ذلك أن برنامج الأمم المتحدة للزمالات في م ـ ـ ـ  حقوق الإنسان كرس تقليديا للتدريب على إعداد التقارير المطلوبة بموجب المعاهدات .-

- الحرف الأول [ م ] - [ م ـ ـ ـ  ] - عدد الحروف 4 -",مجال,بمجال,فمجال
"-وقد نص على إجراء المشاورات وعلى إمكانية تقدم أحد الطرفين إلى الطرف الآخر بطلبات اتخاذ إجراءات تصحيحية لتدارك الممارسات التجارية التقييدية التي لها آثار ضارة ع ـ ـ ـ ة للحدود .-

- الحرف الأول [ ع ] - الحرف الأخير [ ة ] - [ ع ـ ـ ـ ة ] - عدد الحروف 5 -",عابرة,وعابرة,العابرة
"-36 - وواصل حديثه قائلا إن النرويج ترحب بإجراء تخفيضات في الترسانات النووية ، سواء تقرر إجراؤها من جانب واحد أو ، كما ح ـ ـ  مؤخرا ، بين دولتين هما الولايات المتحدة والاتحاد الروسي اللتين يناشدهما وفده أن تواصلا المحادثات بينهما بغية إدراج جميع فئات الأسلحة النووية ، بما يشمل الأسلحة التكتيكية ، في عمليات تحديد الأسلحة النووية ونزع السلاح .-

- الحرف الأول [ ح ] - [ ح ـ ـ  ] - عدد الحروف 3 -",حدث,وحدث,يحدث
"-وينبغي إتاحة مادة مطبوعة في جميع ا ـ ـ ـ ـ ـ ـ ت المعنية بالإجراءات ؛ وعلى باب كل مكتب عام ينبغي أن يشير ملصق إلى "" قائمة "" الخدمات المقدمة ، أي ما هي الخطوات التي يمكن إنجازها ، مع تفاصيل كاملة للعناصر ذات الصلة ( النتائج المتوقعة ، المتطلبات ، الشكاوى ، إلخ ) .-

- الحرف الأول [ ا ] - الحرف الأخير [ ت ] - [ ا ـ ـ ـ ـ ـ ـ ت ] - عدد الحروف 8 -",الإدارات,والإدارات,بالإدارات
