QUESTION_TEXT,OPTION_1,OPTION_2,OPTION_3
"-وبالتالي يزيل الإعلان أي شك في أن مبادئ سيادة الدول وسلامتها الإقليمية تعلو على مبدأ ت ـ ـ ـ ر المصير .-

- الحرف الأول [ ت ] - الحرف الأخير [ ر ] - [ ت ـ ـ ـ ر ] - عدد الحروف 5 -",تقرير,كتقرير,تقريرة
"-13 - وحسب ما جاء في المادة 13 ( 2 ) ( ب ) ، يجب "" تعميم التعليم الثانوي بمختلف أنواعه ، وجعله متاحا للجميع بكافة ا ـ ـ ـ ـ ـ ل المناسبة ولا سيما بالأخذ تدريجيا بمجانية التعليم "" .-

- الحرف الأول [ ا ] - الحرف الأخير [ ل ] - [ ا ـ ـ ـ ـ ـ ل ] - عدد الحروف 7 -",الوسائل,فالوسائل,والوسائل
"-خامسا - استنتاجات : إ ـ ـ ـ د خطة عمل لعقد الأمم المتحدة للتثقيف في مجال-

- الحرف الأول [ إ ] - الحرف الأخير [ د ] - [ إ ـ ـ ـ د ] - عدد الحروف 5 -",إعداد,كإعداد,وإعداد
"-54 - تكرر تأكيد قرارها أن تمول التكاليف المرتبطة بالمشروع الموافق عليها من الميزانية المعتمدة للمخطط العام لتجديد مباني ا ـ ـ ـ ر ؛-

- الحرف الأول [ ا ] - الحرف الأخير [ ر ] - [ ا ـ ـ ـ ر ] - عدد الحروف 5 -",المقر,والمقر,بالمقر
"-64 / 113 برنامج الأمم المتحدة للمساعدة في تدريس القانون الدولي ودراسته و ـ ـ ـ ه وزيادة تفهمه-

- الحرف الأول [ و ] - الحرف الأخير [ ه ] - [ و ـ ـ ـ ه ] - عدد الحروف 5 -",ونشره,ونشرهم,ونشرها
"-ونتيجة لذلك ، فإن تقديرات التكلفة الحالية تغطي تكلفة السفر بسعر منخفض قدره ٤٠٠ ٣ دولار ) ٤٠٠ ١ دولار أجرة السفر الجوي و ٠٠٠ ٢ دولار تكلفة ١٠٠ كيلوغرام من الأمتعة المصحوبة ( للشخص ا ـ ـ ـ ـ د للسفر باتجاه واحد استنادا الى خبرة بعثة مراقبي الأمم المتحدة في ليبريا .-

- الحرف الأول [ ا ] - الحرف الأخير [ د ] - [ ا ـ ـ ـ ـ د ] - عدد الحروف 6 -",الواحد,فالواحد,والواحد
"-وعلاوة على ذلك ، وافقت حكومة الولايات المتحدة من حيث المبدأ على توفير قوة تكتيكية لرد الفعل السريع من أجل دعم قائد قوة عملية الأمم المتحدة الثانية في الصومال . وبيﱠن أن عنصر الموظفين المدنيين الذي يضم كلا من الموظفين ا ـ ـ ـ ـ ـ ـ ن تعيينا دوليا والموظفين ا ـ ـ ـ ـ ـ ـ ن تعيينا محليا لن يتجاوز ٨٠٠ ٢ شخص .-

- الحرف الأول [ ا ] - الحرف الأخير [ ن ] - [ ا ـ ـ ـ ـ ـ ـ ن ] - عدد الحروف 8 -",المعينين,والمعينين,المعينون
"-35 - كما تلتمس صاحبة المطالبة الآنف ذكرها في الفقرة 33 أعلاه تعويضا عن تكاليف إضافية تكبدت في سبيل ت ـ ـ ـ ر مرافق هاتفية لرعاياها الذين عادوا من الكويت أو العراق ( "" العائدون "" ) .-

- الحرف الأول [ ت ] - الحرف الأخير [ ر ] - [ ت ـ ـ ـ ر ] - عدد الحروف 5 -",توفير,كتوفير,لتوفير
"-745 - تشجع اللجنة الدول الأطراف والمنظمات الحكومية الدولية والمنظمات غير الحكومية على إشراك المؤسسات الوطنية لحقوق الإنسان ، وكذلك الفئات المهنية و ـ ـ ـ ـ ـ ت العمال ، في رسم وتنفيذ استراتيجيات تتعلق بمنع العنف وحماية الأطفال منه ومعالجة الأطفال ضحايا العنف ، وإحاطة مثل هذه المجموعات علما بجميع هذه الاستراتيجيات .-

- الحرف الأول [ و ] - الحرف الأخير [ ت ] - [ و ـ ـ ـ ـ ـ ت ] - عدد الحروف 7 -",ونقابات,نقابات,النقابات
"-وفي عام 2008 ، وبمبادرة من خادم الحرمين الشريفين الملك عبد الله بن عبد العزيز عاهل المملكة العربية السعودية ، عقدت الجمعية العامة اجتماعا ر ـ ـ ـ  المستوى بشأن ثقافة السلام .-

- الحرف الأول [ ر ] - [ ر ـ ـ ـ  ] - عدد الحروف 4 -",رفيع,ورفيع,رفيعا
"-وينبغي أن يواصل الأونكتاد تعزيز ا ـ ـ ـ ـ ـ ـ ت العامة المتعلقة بتكنولوجيا المعلومات والاتصالات ، والبرمجيات الحرة والمفتوحة المصدر ، وأن يتعاون مع المنظمات الأخرى .-

- الحرف الأول [ ا ] - الحرف الأخير [ ت ] - [ ا ـ ـ ـ ـ ـ ـ ت ] - عدد الحروف 8 -",السياسات,والسياسات,فالسياسات
"-هدف ا ـ ـ ـ ـ ـ ة : تعزيز الالتزام السياسي في الأجل الطويل بإدارة جميع أنواع الغابات وحفظها وتنميتها بصورة مستدامة ، وذلك على الصعد العالمي والإقليمي والوطني ، والعمل على تحقيق الأهداف العالمية المشتركة على الصعيد الدولي في مجال الغابات ، ولا سيما التنفيذ الفعال للصك غير الملزم قانونا بشأن جميع أنواع الغابات-

- الحرف الأول [ ا ] - الحرف الأخير [ ة ] - [ ا ـ ـ ـ ـ ـ ة ] - عدد الحروف 7 -",المنظمة,والمنظمة,فالمنظمة
"-جلسة إحاطة وتبادل غير رسمي للأفكار مع أعضاء الوفود بشأن فريق الخبراء المفتوح باب العضوية المخصص للنظر في محتوى الصك غير الملزم ق ـ ـ ـ ـ ا بشأن جميع أنواع الغابات ( نيويورك ، 11 - 15 كانون الأول / ديسمبر 2006 ) ( ينظمهما مكتب الدورة السابعة لمنتدى الأمم المتحدة المعني بالغابات وأمانته )-

- الحرف الأول [ ق ] - الحرف الأخير [ ا ] - [ ق ـ ـ ـ ـ ا ] - عدد الحروف 6 -",قانونا,وقانونا,قانونان
"-البروتوكول الاختياري الملحق بالعهد الدولي الخاص ب ـ ـ ـ ـ ـ ق المدنية والسياسية والمتعلق بحق الفرد في التظلم ، 1966-

- الحرف الأول [ ب ] - الحرف الأخير [ ق ] - [ ب ـ ـ ـ ـ ـ ق ] - عدد الحروف 7 -",بالحقوق,والحقوق,فالحقوق
"-وقد أذن مكتب اللجنة المعنية بممارسة الشعب الفلسطيني ل ـ ـ ـ ـ ه غير القابلة للتصرف بعدم تنفيذ هذه الأنشطة ، وفقا لقراري الجمعية العامة ٤٦ / ٤٧ ألف و ٤٧ / ٦٤ ألف . وأعيد توزيع الموارد من أجل تنفيذ النظام الحاسوبي الذي صدر تفويض بإنشائه ومن أجل تعزيز الاحتفال باليوم الدولي للتضامن مع الشعب الفلسطيني .-

- الحرف الأول [ ل ] - الحرف الأخير [ ه ] - [ ل ـ ـ ـ ـ ه ] - عدد الحروف 6 -",لحقوقه,بحقوقه,حقوقه
"-واستعرض الاجتماع الاتجاهات الراهنة في م ـ ـ ـ  الاتجار بالعقاقير والدروب البحرية التي يكثر استخدامها في ذلك الاتجار ، ونظر في المبادرات الاقليمية ودون الاقليمية التي اتخذت مؤخرا في هذا السياق .-

- الحرف الأول [ م ] - [ م ـ ـ ـ  ] - عدد الحروف 4 -",مجال,بمجال,فمجال
"-وإذ يصر على أن مدى فعالية وفاء البلدان النامية ا ـ ـ ـ ـ ـ ف بالتزاماتها سيتوقف على فعالية وفاء البلدان المتقدمة ا ـ ـ ـ ـ ـ ف بالتزاماتها المتعلقة بالموارد المالية ونقل التكنولوجيا ، كما سيراعى في ذلك كامل المراعاة أن التنمية الاقتصادية والاجتماعية واستئصال شأفة الفقر هما في مقدمة أولويات البلدان النامية ا ـ ـ ـ ـ ـ ف وأكثرها أهمية ،-

- الحرف الأول [ ا ] - الحرف الأخير [ ف ] - [ ا ـ ـ ـ ـ ـ ف ] - عدد الحروف 7 -",الأطراف,والأطراف,لأطراف
"-وفي الواقع ، فإن المحققين في قضيتي الهجومين في كراتشي وروالبندي لم يكونوا يدركون أن لدى دوائر الاستخبارات المشتركة معلومات بشأن خلايا إرهابية تستهدف السيدة بوتو ولم يكونوا يدركون أن الوكالة اعتقلت أربعة أشخاص في أ ـ ـ ـ ر تشرين الأول / أكتوبر 2007 بسبب هجمة كراتشي .-

- الحرف الأول [ أ ] - الحرف الأخير [ ر ] - [ أ ـ ـ ـ ر ] - عدد الحروف 5 -",أواخر,أواخرالقرن,وأوائل
"-مكافحة انتشار فيروس نقص المناعة البشرية / الإيدز في مرافق نظام ا ـ ـ ـ ـ ـ ة الجنائية قبل المحاكمة وفي المرافق الإصلاحية-

- الحرف الأول [ ا ] - الحرف الأخير [ ة ] - [ ا ـ ـ ـ ـ ـ ة ] - عدد الحروف 7 -",العدالة,لعدالة,والعدالة
"-99 - واستعرضت شعبة التكنولوجيا واللوجستيات العمل الذي أنجزته فيما يتعلق بتنفيذ اتفاق أكرا في المجالات ا ـ ـ ـ ـ ـ ـ ة الثلاثة التي تندرج في نطاق مسؤوليتها ، وهي : ( أ ) العلم ، والتكنولوجيا ، وتكنولوجيات المعلومات والاتصال ؛ و ( ب ) تقاسم المعارف وتنمية القدرات ؛ و ( ج ) لوجستيات التجارة .-

- الحرف الأول [ ا ] - الحرف الأخير [ ة ] - [ ا ـ ـ ـ ـ ـ ـ ة ] - عدد الحروف 8 -",الرئيسية,والرئيسية,الرئيسة
