QUESTION_TEXT,OPTION_1,OPTION_2,OPTION_3
"-3 - يطلب إلى المدير التنفيذي أن يبحث سبل زيادة ق ـ ـ ـ ت برنامج الأمم المتحدة للبيئة بصفته الجهاز الرئيسي للأمم المتحدة في مجال البيئة ، وذلك لأجل تعزيز دوره كوكالة منفذة لمرفق البيئة العالمية ؛-

- الحرف الأول [ ق ] - الحرف الأخير [ ت ] - [ ق ـ ـ ـ ت ] - عدد الحروف 5 -",قدرات,وقدرات,القدرات
"-أتشرف بأن أحيل طيه رسالة مؤرخة 18 كانون الأول / ديسمبر 2006 موجهة إلى رئيس مجلس الأمن من رئيس الفريق العامل غير الرسمي التابع ل ـ ـ ـ س الأمن والمعني بالمسائل العامة المتعلقة بالجزاءات ، تتضمن تقرير الفريق العامل غير الرسمي ( انظر المرفق ) .-

- الحرف الأول [ ل ] - الحرف الأخير [ س ] - [ ل ـ ـ ـ س ] - عدد الحروف 5 -",لمجلس,ولمجلس,لمجلسها
"-وسأغدو م ـ ـ ـ ا لو تم تعميم هذه الرسالة ومرفقها بوصفهما وثيقة من وثائق الجمعية العامة في إطار البندين ١٣٩ و ١٤٦ من القائمة الأولية .-

- الحرف الأول [ م ] - الحرف الأخير [ ا ] - [ م ـ ـ ـ ا ] - عدد الحروف 5 -",ممتنا,صمتنا,امتنا
"-ويبلغ عدد محطات المراقبين من الشرطة المدنية في ا ـ ـ ـ ت الحالي ٤١ محطة ومن المتوقع أن يزداد هذا العدد بازدياد عدد المراقبين من الشرطة من ٦٢٢ إلى ٧١٦ .-

- الحرف الأول [ ا ] - الحرف الأخير [ ت ] - [ ا ـ ـ ـ ت ] - عدد الحروف 5 -",الوقت,فالوقت,هذاالوقت
"-13 - وواصل حديثه قائلا إن المؤتمر الاستعراضي لعام 2000 قد أقر بأن حماية الحق في استخدام الطاقة النووية للأغراض السلمية هو هدف أساسي للمعاهدة وبأنه لتحقيق هذا الهدف ينبغي أن تعامل الدول غير الحائزة للأسلحة النووية الأطراف في المعاهدة معاملة تفضيلية ، مع أخذ احتياجات البلدان ا ـ ـ ـ ـ ـ ة ، بصفة خاصة ، في الاعتبار .-

- الحرف الأول [ ا ] - الحرف الأخير [ ة ] - [ ا ـ ـ ـ ـ ـ ة ] - عدد الحروف 7 -",النامية,والنامية,النامي
"-وأدى الانخفاض الهائل في معدل الولادة في التسعينات ، علاوة على الاتجاهات السلبية للهجرة ، إلى تقلص كبير في ق ـ ـ  العمل في جورجيا ، على أن الانخفاض الموازي في الطلب على العمل فاق بكثير معدل الانخفاض في جانب العرض ، وهو ما يتجلى في مستويات البطالة المرتفعة .-

- الحرف الأول [ ق ] - [ ق ـ ـ  ] - عدد الحروف 3 -",قوة,يقوة,وقوة
"-ويجب ، في نفس الوقت ، ألا تقودنا المهمة الموكلة الى مجلس الأمن بصدد ح ـ ـ  السلم وإنفاذ السلم الى نسيان اختصاص الجمعية العامة في مسائل الميزانية وفي مجال الدبلوماسية الوقائية ، وبخاصة في مجال بناء السلم .-

- الحرف الأول [ ح ] - [ ح ـ ـ  ] - عدد الحروف 3 -",حفظ,إحفظ,وحفظ
"-يدين أشد الإدانة جميع أعمال العنف ا ـ ـ ـ ـ ي وغيرها من أشكال العنف المرتكبة ضد المدنيين في النزاعات المسلحة ، ولا سيما بحق النساء والأطفال ، ويتعهد بكفالة أن تطبق جميع عمليات دعم السلام كل التدابير الممكنة لمنع ارتكاب أعمال العنف هذه ومعالجة أثرها حيثما وقعت .-

- الحرف الأول [ ا ] - الحرف الأخير [ ي ] - [ ا ـ ـ ـ ـ ي ] - عدد الحروف 6 -",الجنسي,والجنسي,الجنسى
"-١١٣ - وتحدث ممثل البرازيل تعليلا لموقفه بعد اعتماد المقرر فقال إن وفده كان يفضل أن يتم ت ـ ـ ـ م مقترحات المديرة التنفيذية المطلوبة في المقرر ، الى الحكومات قبل التنفيذ النهائي .-

- الحرف الأول [ ت ] - الحرف الأخير [ م ] - [ ت ـ ـ ـ م ] - عدد الحروف 5 -",تقديم,كتقديم,تقديمك
"-ندوة خاصة بشأن "" تحقيق أقصى قدر من الفوائد الاقتصادية وتعزيز قدرات الدول الجزرية ا ـ ـ ـ ـ ـ ة النامية عبر السياحة المستدامة - تنفيذ استراتيجية موريشيوس "" ( ينظمها مكتب الممثل السامي لأقل البلدان نموا والبلدان النامية غير الساحلية والدول الجزرية ا ـ ـ ـ ـ ـ ة النامية التابع للأمم المتحدة ومنظمة التجارة العالمية التابعة للأمم المتحدة )-

- الحرف الأول [ ا ] - الحرف الأخير [ ة ] - [ ا ـ ـ ـ ـ ـ ة ] - عدد الحروف 7 -",الصغيرة,والصغيرة,بالصغيرة
"-البند `7` : التدابير المتخذة أو المزمع اتخاذها في إطار برامج العمل الوطنية ، بما في ذلك التدابير الرامية إلى تحسين البيئة ا ـ ـ ـ ـ ـ ـ ـ ـ ة ، وإلى الحفاظ على الموارد الطبيعية وتشجيع استخدامها المستدام ، وإلى تحسين التنظيم المؤسسي ، وإلى تنمية المعارف المتعلقة بالتصحر وبمكافحته وإلى رصد وتقييم آثار الجفاف-

- الحرف الأول [ ا ] - الحرف الأخير [ ة ] - [ ا ـ ـ ـ ـ ـ ـ ـ ـ ة ] - عدد الحروف 10 -",الاقتصادية,القتصادية,والاقتصادية
"-فقد تبين من أنشطتهما أنه مما يمكن عمله اتخاذ إجراء متفق عليه لنقل المواد المراقبة دون الحد من الحق في استخدام الطاقة النووية في الأغراض ا ـ ـ ـ ـ ـ ة .-

- الحرف الأول [ ا ] - الحرف الأخير [ ة ] - [ ا ـ ـ ـ ـ ـ ة ] - عدد الحروف 7 -",السلمية,والسلمية,بالسلمية
"-ومن دواعي القلق البالغ البيانات الرسمية الصادرة عن إدارة الجنسية والهجرة الاستونية ، والتي تقضي ، بالنسبة للأفراد المقيمين إقامة د ـ ـ ـ ة في الجمهورية حتى تموز / يوليه ١٩٩٠ بتصاريح إقامة سوفياتية سابقة ، بألا يحصلوا على إقامة مؤقتة ، وإنما على إقامة لفترة زمنية محددة .-

- الحرف الأول [ د ] - الحرف الأخير [ ة ] - [ د ـ ـ ـ ة ] - عدد الحروف 5 -",دائمة,ودائمة,الدائمة
"-8 - وإلى جانب وزارة النهوض بالمرأة وبالتنمية البشرية ، أنشئت ، منذ عام 1996 ، آليات أخرى لحماية ا ـ ـ ـ ـ ة منها ، مكتب أمين المظالم المخصص لحقوق ا ـ ـ ـ ـ ة التابع لمكتب أمين المظالم .-

- الحرف الأول [ ا ] - الحرف الأخير [ ة ] - [ ا ـ ـ ـ ـ ة ] - عدد الحروف 6 -",المرأة,لمرأة,المرأ
"-وما زالت استراتيجية إشراك هذه ا ـ ـ ـ ـ ـ ر الفاعلة ، في بعض البلدان ، تصطدم بقيود ترتبط خصوصا بأساليب عمل لجان التنسيق الوطنية .-

- الحرف الأول [ ا ] - الحرف الأخير [ ر ] - [ ا ـ ـ ـ ـ ـ ر ] - عدد الحروف 7 -",العناصر,والعناصر,فالعناصر
"-وأكون ممتنا لو تفضلتم بالإيعاز بتعميم نص هذه الرسالة ومرفقها ب ـ ـ ـ ه وثيقة من وثائق الجمعية العامة ، في إطار البند ٣١ من جدول الأعمال ، ومن وثائق مجلس الأمن .-

- الحرف الأول [ ب ] - الحرف الأخير [ ه ] - [ ب ـ ـ ـ ه ] - عدد الحروف 5 -",بوصفه,باعتباره,وبوصفه
"-وقالت إن عددا ق ـ ـ ـ ا جدا من الاتفاقات العالمية هي التي حققت فوائد أكبر من ذلك لصحة الإنسان .-

- الحرف الأول [ ق ] - الحرف الأخير [ ا ] - [ ق ـ ـ ـ ا ] - عدد الحروف 5 -",قليلا,تقليلا,وقليلا
"-ولم يكن العمر متغيرا واضحا بالنسبة للإثيرات ث ـ ـ ـ ـ ة الفينيل متعددة البروم كل على حدة أو بالنسبة لمجموعها .-

- الحرف الأول [ ث ] - الحرف الأخير [ ة ] - [ ث ـ ـ ـ ـ ة ] - عدد الحروف 6 -",ثنائية,وثنائية,لثنائية
"-( ه ) وينبغي أن تصبح الاستفادة من ا ـ ـ ـ ـ ـ ـ ت القائمة وضمان فعاليتها وكفاءتها جزءا من عملية تقوية الإدارة البيئية الدولية وقد تؤدي إلى تحقيق مكاسب هامة ؛-

- الحرف الأول [ ا ] - الحرف الأخير [ ت ] - [ ا ـ ـ ـ ـ ـ ـ ت ] - عدد الحروف 8 -",المؤسسات,والمؤسسات,فالمؤسسات
"-وأوضحت أيضا أن وظيفة المدير القطري من الرتبة مد - ١ ل ـ  تكون أعلى من وظيفة المنسق المقيم في المكاتب الميدانية التي اقترح صندوق الأمم المتحدة للسكان ترفيع وظيفة المدير القطري فيها .-

- الحرف الأول [ ل ] - [ ل ـ  ] - عدد الحروف 2 -",لن,ولن,أبدا
