QUESTION_TEXT,OPTION_1,OPTION_2,OPTION_3
"-16 - يطلب إلى الأمين العام أن يواصل اتخاذ التدابير اللازمة لكفالة التقيد الكامل في البعثة بسياسة الأمم المتحدة القائمة على عدم ا ـ ـ ـ ـ ـ ح مطلقا إزاء الاستغلال والاعتداء الجنسيين وأن يطلع المجلس على ذلك ، ويحث البلدان المساهمة بقوات عسكرية وشرطية على اتخاذ التدابير الوقائية المناسبة وعلى كفالة المساءلة الكاملة في حالات تصرف الأفراد التابعين لها بمثل هذا السلوك ؛-

- الحرف الأول [ ا ] - الحرف الأخير [ ح ] - [ ا ـ ـ ـ ـ ـ ح ] - عدد الحروف 7 -",التسامح,التسامحي,والتسامح
"-٢ وذكر الرئيس الخارج أنه كان على مفوضية الأمم المتحدة لشؤون اللاجئين ، على مدى السنتين الماضيتين ، مواجهة تحديات ك ـ ـ ـ ة جديدة ، وقد حققت بعض النجاح الملحوظ .-

- الحرف الأول [ ك ] - الحرف الأخير [ ة ] - [ ك ـ ـ ـ ة ] - عدد الحروف 5 -",كثيرة,عديدة,وكثيرة
"-51 - ويقر المؤتمر بأن إنشاء هيكل أساسي ملائم لدعم استخدام الطاقة النووية بطريقة مأمونة ومضمونة وكفؤة ، تمشيا مع معايير الوكالة ومبادئها التوجيهية ذات الصلة ، يمثل قضية ذات أ ـ ـ ـ ة أساسية ، ولا سيما بالنسبة للبلدان التي تخطط لاستخدام الطاقة النووية .-

- الحرف الأول [ أ ] - الحرف الأخير [ ة ] - [ أ ـ ـ ـ ة ] - عدد الحروف 5 -",أهمية,كأهمية,وأهمية
"-سيتعين على الجمعية العامة ملء المقاعد التي ستشغر بانتهاء عضوية الدول التالية : المانيا ، واندونيسيا ، وأوغندا ، وأوكرانيا ، وايطاليا ، وباكستان ، والبرازيل ، وبلغاريا ، وبوروندي ، وبولندا ، وترينيداد وتوباغو ، وشيلي ، والعراق ، وكولومبيا ، والكونغو ، والمملكة المتحدة ل ـ ـ ـ ـ ـ ـ ـ ا العظمى وأيرلندا الشمالية ، والنرويج ، والهند ، وهولندا .-

- الحرف الأول [ ل ] - الحرف الأخير [ ا ] - [ ل ـ ـ ـ ـ ـ ـ ـ ا ] - عدد الحروف 9 -",لبريطانيا,كبريطانيا,فبريطانيا
"-١٦١ - وتشجع منظمة الأمم المتحدة للأغذية والزراعة ، ب ـ ـ ـ ة نشطة ، الطاقة المستمدة من المصادر البيولوجية في البلدان النامية ، ضمن برنامجها للطاقة من أجل التنمية الريفية المستدامة .-

- الحرف الأول [ ب ] - الحرف الأخير [ ة ] - [ ب ـ ـ ـ ة ] - عدد الحروف 5 -",بصورة,فبصورة,وبصورة
"-41 - وخلال الزيارات الرسمية التي قامت بها المفوضة السامية إلى بلدان في ش ـ ـ  أنحاء العالم ، تلقت على نحو متزايد دعوات للاجتماع بقادة أوساط الأعمال من أجل مناقشة المجالات التي هي موضع اهتمام مشترك مثل إمكانية مشاركتهم في المؤتمر العالمي لمكافحة العنصرية والتمييز العنصري وكره الأجانب وما يتصل بذلك من تعصب .-

- الحرف الأول [ ش ] - [ ش ـ ـ  ] - عدد الحروف 3 -",شتى,مختلف,بمختلف
"-وتؤكد من جديد ضرورة منح ا ـ ـ ـ ـ ـ ـ ة في هذا الحوار وهذه المفاوضات للقانون الإنساني الدولي وحقوق الإنسان .-

- الحرف الأول [ ا ] - الحرف الأخير [ ة ] - [ ا ـ ـ ـ ـ ـ ـ ة ] - عدد الحروف 8 -",الأولوية,والأولوية,فالأولوية
"-ونشهد الآن اهتماما متزايدا من جانب ا ـ ـ ـ ـ ـ ع الدولي بمناقشة التمويل المبتكر .-

- الحرف الأول [ ا ] - الحرف الأخير [ ع ] - [ ا ـ ـ ـ ـ ـ ع ] - عدد الحروف 7 -",المجتمع,المجتمعى,فالمجتمع
"-١٠ - وأثبت تطور الأحداث التي حصلت بعد صدور ا ـ ـ ـ ـ ـ ر السادس صحة هذه الملاحظات .-

- الحرف الأول [ ا ] - الحرف الأخير [ ر ] - [ ا ـ ـ ـ ـ ـ ر ] - عدد الحروف 7 -",التقرير,والتقرير,التقريري
"-وتكرر اللجنة تأكيد ضرورة التعجيل ب ـ ـ ـ ـ ذ التوصيات الصادرة عن مجلس مراجعي الحسابات في هذا الصدد .-

- الحرف الأول [ ب ] - الحرف الأخير [ ذ ] - [ ب ـ ـ ـ ـ ذ ] - عدد الحروف 6 -",بتنفيذ,وبتنفيذ,بتنفيذها
"-وسيجرى تنسيق أنشطة جميع المكاتب بشكل وثيق ومتابعتها ، متى أمكن ذلك ، من خلال أماكن العمل والخدمات ا ـ ـ ـ ـ ـ ـ ة للأمم المتحدة .-

- الحرف الأول [ ا ] - الحرف الأخير [ ة ] - [ ا ـ ـ ـ ـ ـ ـ ة ] - عدد الحروف 8 -",المشتركة,والمشتركة,مشتركة
"-6 - وستساير أنشطة مكتب تنسيق برنامج العمل العالمي التابع لبرنامج الأمم المتحدة للبيئة في الفترة 2007 - 2011 التطورات الدولية وستساعد البلدان في التحول نحو نهج الإدارة المتكاملة التي تؤدي إلى الحد من الفقر وستساعدها كذلك في دمج البيئة ضمن التخطيط ا ـ ـ ـ ـ ـ ـ ي والاستثمارات السليمة التي تحد من التلوث الواصل إلى البيئة البحرية من الأنشطة البرية .-

- الحرف الأول [ ا ] - الحرف الأخير [ ي ] - [ ا ـ ـ ـ ـ ـ ـ ي ] - عدد الحروف 8 -",الإنمائي,والإنمائي,إنمائي
"-( أ ) اتخاذ الخطوات اللازمة لإعمال حق كل إنسان في ا ـ ـ ـ ـ ع بأعلى مستوى ممكن من الصحة البدنية والعقلية ، بما في ذلك الصحة الجنسية والإنجابية ؛-

- الحرف الأول [ ا ] - الحرف الأخير [ ع ] - [ ا ـ ـ ـ ـ ع ] - عدد الحروف 6 -",التمتع,والتمتع,بالتمتع
"-وأكدت أنها تأمل في تؤكد الدول الأطراف المشاركة في المؤتمر على المبادئ الأساسية للمعاهدة ؛ وتتفق على مجموعة من التدابير الملموسة والفعالة والتوافقية على غرار ما ورد في ورقة العمل المقدمة من الاتحاد الأوروبي إلى اللجنة التحضيرية في سنة 2009 ؛ وأن تنظر في طرق للتحسين بشأن إ ـ ـ ـ ـ ـ ت تنفيذ المعاهدة .-

- الحرف الأول [ إ ] - الحرف الأخير [ ت ] - [ إ ـ ـ ـ ـ ـ ت ] - عدد الحروف 7 -",إجراءات,لإجراءات,كإجراءات
"-وأرجأت ا ـ ـ ـ ـ ة النظر في الطلب حتى تجيب المنظمة عن الأسئلة الإضافية التي طرحتها ا ـ ـ ـ ـ ة .-

- الحرف الأول [ ا ] - الحرف الأخير [ ة ] - [ ا ـ ـ ـ ـ ة ] - عدد الحروف 6 -",اللجنة,فاللجنة,عضواللجنة
"-ويمثل مفهوم التنمية الزراعية والريفية ا ـ ـ ـ ـ ـ ـ ـ ة ، الذي يتخذ هدفا رئيسيا له زيادة الأمن الغذائي بأسلوب سليم من الناحية البيئية من أجل المساهمة في تحقيق الإدارة ا ـ ـ ـ ـ ـ ـ ـ ة للموارد الطبيعية ، أحد نهج تحقيق هذا الهدف ( 8 ) .-

- الحرف الأول [ ا ] - الحرف الأخير [ ة ] - [ ا ـ ـ ـ ـ ـ ـ ـ ة ] - عدد الحروف 9 -",المستدامة,والمستدامة,المستدام
"-35 - فيما يتعلق بالإجراء الذي يتعين على ا ـ ـ ـ ـ ـ ة العامة اتخاذه ، كما اقترح ذلك الأمين العام في الوثيقةA / 56 / 802 ، الفقرة 3 ، توصي اللجنة الاستشارية بأن تقوم ا ـ ـ ـ ـ ـ ة العامة ، مع مراعاتها التعليقات والملاحظات المذكورة أعلاه ، بتخصيص مبلغ قدره 330 مليون دولار ، يعكس انخفاضا قدره 200 076 61 دولار عن التقدير المقترح البالغ 200 076 391 دولار .-

- الحرف الأول [ ا ] - الحرف الأخير [ ة ] - [ ا ـ ـ ـ ـ ـ ة ] - عدد الحروف 7 -",الجمعية,في الجمعية,فالجمعية
"-ينبغي للتقرير أن يتضمن بيانات وإحصاءات كافية تتعلق بأي من المواد المناسبة ل ـ ـ ـ ـ ن اللجنة من تقييم التقدم المحرز في التمتع بالحقوق الواردة في العهد .-

- الحرف الأول [ ل ] - الحرف الأخير [ ن ] - [ ل ـ ـ ـ ـ ن ] - عدد الحروف 6 -",لتمكين,للتمكين,ولتمكين
"-( ح ) مواصلة الترويج لاستخدام المواد الكيميائية المولدة للجذور لزيادة جودة الشتلات وتوسيع نطاق إعادة الغطاء ا ـ ـ ـ ـ ـ ي وتشجيع الزراعة على أساس تقليدي .-

- الحرف الأول [ ا ] - الحرف الأخير [ ي ] - [ ا ـ ـ ـ ـ ـ ي ] - عدد الحروف 7 -",النباتي,والنباتي,النباتين
"-وشدد ممثلي الخاص في اجتماعاته على الحاجة إلى تشكيل حكومة تكون شاملة ل ـ ـ ـ ـ ع ، وتلتزم بسيادة القانون والدستور العراقي .-

- الحرف الأول [ ل ] - الحرف الأخير [ ع ] - [ ل ـ ـ ـ ـ ع ] - عدد الحروف 6 -",للجميع,وللجميع,للجميعة
