QUESTION_TEXT,OPTION_1,OPTION_2,OPTION_3
"-40 - يجب أن يحدد ا ـ ـ ـ ـ ـ ع الوطني وكذلك الدستور ، إن أمكن ، أسلوب تشكيل السلطة المحلية ، وطبيعة سلطاتها ونطاق هذه السلطات ومسؤولياتها وواجباتها ومهامها .-

- الحرف الأول [ ا ] - الحرف الأخير [ ع ] - [ ا ـ ـ ـ ـ ـ ع ] - عدد الحروف 7 -",التشريع,والتشريع,التشريعة
"-كما ينتج النقصان ا ـ ـ ـ ـ غ ٠٠٠ ٨٢٧ دولار والمبين في الفقرة ٢١ من التصويب عن التأخر المقرر في سحب أفراد الوحدات خلال هذه الفترة .-

- الحرف الأول [ ا ] - الحرف الأخير [ غ ] - [ ا ـ ـ ـ ـ غ ] - عدد الحروف 6 -",البالغ,والبالغ,البالغه
"-85 - إذا لم يكن العامل قادرا على العودة إلى بيته بعد عمله اليومي ، يجب على رب العمل أن يتيح ا ـ ـ ـ ن الملائم والمناسب للعامل ومعاليه .-

- الحرف الأول [ ا ] - الحرف الأخير [ ن ] - [ ا ـ ـ ـ ن ] - عدد الحروف 5 -",السكن,والسكن,بالسكن
"-3 - وخلال فترة إعداد التقرير ، ضربت حركة جيش ت ـ ـ ـ ر السودان والحكومة ، على حد سواء ، عرض الحائط باتفاقات وقف إطلاق النار الموقعة بينهما .-

- الحرف الأول [ ت ] - الحرف الأخير [ ر ] - [ ت ـ ـ ـ ر ] - عدد الحروف 5 -",تحرير,تحريرة,تحريرك
"-23 - مطالبة المجتمع الدولي بإلزام إسرائيل بدفع التعويضات المستحقة للشعب الفلسطيني وسلطته الوطنية جراء ا ـ ـ ـ ـ ـ ر الناجمة عن العدوان الإسرائيلي المستمر مستفيدين من سابقة قيام إسرائيل بدفع تعويضات إلى الأمم المتحدة عن الضرر اللاحق بمنشآت الأونروا خلال عدوانها الأخير على قطاع غزة ، وتحميلها المسؤولية القانونية عن الأضرار التي ألحقتها بالمنشآت والمرافق الحيوية الفلسطينية ؛-

- الحرف الأول [ ا ] - الحرف الأخير [ ر ] - [ ا ـ ـ ـ ـ ـ ر ] - عدد الحروف 7 -",الخسائر,والخسائر,بالخسائر
"-وقرار مجموعة موردي المواد النووية الذي اتخذ نتيجة ضغوط مارستها الولايات المتحدة يشكل أيضا انتهاكا لالتزام الدول الحائزة على الأسلحة النووية بموجب المقرر الصادر عن مؤتمر استعراض المعاهدة عام 1995 بشأن المبادئ والأهداف والوثيقة الختامية ل ـ ـ ـ ـ ر استعراض المعاهدة عام 2000 فيما يختص بتعزيز عالمية معاهدة عدم الانتشار .-

- الحرف الأول [ ل ] - الحرف الأخير [ ر ] - [ ل ـ ـ ـ ـ ر ] - عدد الحروف 6 -",لمؤتمر,للمؤتمر,لامؤتمر
"-١٩ - وينبغي إعداد تقرير ب ـ ـ ـ  تنفيذ توصيات تحسين التنسيق في مجالات الوقاية من الملاريا وأمراض الإسهال ومكافحتها .-

- الحرف الأول [ ب ] - [ ب ـ ـ ـ  ] - عدد الحروف 4 -",بشأن,وبشأن,بشأنه
"-وأكد الفريق العامل على ضرورة وضع استراتيجية منسقة للتنفيذ بأسرع ما يمكن من قبل الفريق العامل المشترك بين الأمانات والمعني بالحسابات القومية ، كما أوصت بذلك اللجنة ا ـ ـ ـ ـ ـ ة المعنية بالأنشطة الاحصائية التابعة للجنة التنسيق الإدارية في دورتها السابعة والعشرين E / CN . 3 / 1994 / 4 ) ، الفقرة ٢٤ ) أ ( ( ، على أن تنطوي الاستراتيجية على تفاعل كبير بين البلدان واللجان الإقليمية .-

- الحرف الأول [ ا ] - الحرف الأخير [ ة ] - [ ا ـ ـ ـ ـ ـ ة ] - عدد الحروف 7 -",الفرعية,والفرعية,الفرعيه
"-٣٢ - وتنوه اللجنة الاستشارية بالجهود التي بذلت حتى الآن لتحويل وثيقة ا ـ ـ ـ ـ ـ ـ ـ ة البرنامجية المقترحة إلى وسيلة فعالة للتحليل واتخاذ القرارات في الجمعية العامة .-

- الحرف الأول [ ا ] - الحرف الأخير [ ة ] - [ ا ـ ـ ـ ـ ـ ـ ـ ة ] - عدد الحروف 9 -",الميزانية,والميزانية,لميزانية
"-36 - عرضت على المجتمع الدولي في نيودلهي نتائج دراسة استقصائية أجريت في عام 2000 لمسح زراعة خشخاش ا ـ ـ ـ ـ ـ ن غير المشروعة في شمال شرقي الهند .-

- الحرف الأول [ ا ] - الحرف الأخير [ ن ] - [ ا ـ ـ ـ ـ ـ ن ] - عدد الحروف 7 -",الأفيون,والأفيون,للأفيون
"-وذكر الممثل الدائم أنه سيجري ، عند الضرورة ، صياغة تشريعات واتخاذ ت ـ ـ ـ ـ ر إدارية ستؤثر على بعض توصيات اللجنة .-

- الحرف الأول [ ت ] - الحرف الأخير [ ر ] - [ ت ـ ـ ـ ـ ر ] - عدد الحروف 6 -",تدابير,وتدابير,تدابيره
"-182 - وأضاف أن تحليلا أجرته مؤخرا أمانة الصندوق متعدد الأطراف لاستهلاك المواد المستنفدة ل ـ ـ ـ ـ ـ ن للبلدان العاملة بموجب المادة 5 ونظرت فيه اللجنة التنفيذية ، يبين أن الغالبية العظمى من البلدان هي على المسار الصحيح باتجاه الامتثال أو أنها ستتمكن من الامتثال للتدابير الرقابية الأولية للبروتوكول .-

- الحرف الأول [ ل ] - الحرف الأخير [ ن ] - [ ل ـ ـ ـ ـ ـ ن ] - عدد الحروف 7 -",للأوزون,الأوزون,والأوزون
"-( د ) يطلب إلى الأمانة أن تستخدم القائمة الواردة بالمرفق الثاني ل ـ ـ ـ  الوثيقة ، والخاصة بالاتصال بمكاتب الأمم المتحدة ووكالاتها المتخصصة ، والوكالة الدولية للطاقة الذرية ومرفق البيئة العالمية ، مع أي تعديلات قد يرغبون في إدخالها ، لأغراض دعوة المراقبين إلى اجتماعات مؤتمر الأطراف وهيئاته الفرعية ولأغراض الاتصال بالمراقبين أثناء فترات ما بين الدورات لمؤتمر الأطراف وهيئاته الفرعية ؛-

- الحرف الأول [ ل ] - [ ل ـ ـ ـ  ] - عدد الحروف 4 -",لهذه,لتلك,للهذه
"-علاوة على ذلك ، رفعت جبهة ا ـ ـ ـ ـ ـ ـ ـ ـ ـ و القيود المفروضة على حركة المراقبين العسكريين التابعين للأمم المتحدة الذين ظلوا في مكانهم لعدة سنوات ، متيحة بذلك إمكانية الوصول إلى وحداتها العسكرية لأغراض التفتيش .-

- الحرف الأول [ ا ] - الحرف الأخير [ و ] - [ ا ـ ـ ـ ـ ـ ـ ـ ـ ـ و ] - عدد الحروف 11 -",البوليساريو,للبوليساريو,والبوليساريو
"-وتجري مفاوضات بهذا الشأن مع سبعة بلدان جديدة إضافية من البلدان المساهمة ب ـ ـ ـ ت عسكرية وأفراد شرطة .-

- الحرف الأول [ ب ] - الحرف الأخير [ ت ] - [ ب ـ ـ ـ ت ] - عدد الحروف 5 -",بقوات,وقوات,بقواته
"-"" ويؤكد المجلس أهمية النظر في عملية بناء ا ـ ـ ـ ـ م في وقت مبكر خلال مداولاته وضمان الاتساق بين صنع ا ـ ـ ـ ـ م وحفظ ا ـ ـ ـ ـ م وبناء ا ـ ـ ـ ـ م تحقيقا لاستراتيجيات انتقال فعالة .-

- الحرف الأول [ ا ] - الحرف الأخير [ م ] - [ ا ـ ـ ـ ـ م ] - عدد الحروف 6 -",السلام,فالسلام,عليهالسلام
"-مساهمات مقدمة الى الموارد الأساسية لبرنامج الأمم المتحدة الإنمائي ، حسب ا ـ ـ ـ ـ ـ ن المتلقية-

- الحرف الأول [ ا ] - الحرف الأخير [ ن ] - [ ا ـ ـ ـ ـ ـ ن ] - عدد الحروف 7 -",البلدان,فالبلدان,والبلدان
"-33 - وفي إطار المبادرة التي أطلقتها حكومة السودان من جانب واحد ، التي بدأت في تشرين الثاني / نوفمبر 2009 ، لتسريح أفراد الفصائل الموقعة على إعلان الالتزام باتفاق سلام دارفور وكذلك الأفراد المرتبطين ب ـ ـ ـ ـ ـ ت المسلحة السودانية والجماعات المرتبطة بها ، طلبت لجنة نزع السلاح والتسريح وإعادة الإدماج في شمال السودان دعما لوجستيا من العملية المختلطة لتسريح ما مجموعه 789 فردا في غرب دارفور .-

- الحرف الأول [ ب ] - الحرف الأخير [ ت ] - [ ب ـ ـ ـ ـ ـ ت ] - عدد الحروف 7 -",بالقوات,لالقوات,فالقوات
"-وفي الماضي ، كانت المشاريع وأنشطة البرامج التي يساعد فيها البرنامج الإنمائي تركز أساسا على تحسين إمدادات المياه ، و ـ ـ ـ ـ ة الموارد البشرية والتدريب التقني ، والطاقة ، والاتصالات السلكية واللاسلكية ، والتأهب للكوارث وأثرت تأثيرا إيجابيا على هذه المجالات والمجالات المتصلة بها .-

- الحرف الأول [ و ] - الحرف الأخير [ ة ] - [ و ـ ـ ـ ـ ة ] - عدد الحروف 6 -",وتنمية,وتنمي,تنمية
"-وسأغدو ممتنا لو عملتم على تعميم هذه الرسالة ومرفقها كوثيقة من وثائق مجلس ا ـ ـ ـ ن .-

- الحرف الأول [ ا ] - الحرف الأخير [ ن ] - [ ا ـ ـ ـ ن ] - عدد الحروف 5 -",الأمن,والأمن,الامن
