QUESTION_TEXT,OPTION_1,OPTION_2,OPTION_3
"-124 - وعملا ب ـ ـ ـ ر الجمعية العامة 65 / 248 ، يقترح إلغاء وظيفتي موظف تكنولوجيا معلومات ( من رتبة ف - 4 ، ورتبة ف - 3 ) ، ووظيفة موظف اتصالات سلكية ولاسلكية ( من رتبة ف - 3 ) ، ووظيفتي مساعد اتصالات سلكية ولاسلكية ( من فئة الخدمة المدنية ) ، و 5 وظائف فني تكنولوجيا معلومات ( من فئة الخدمة الميدانية ) .-

- الحرف الأول [ ب ] - الحرف الأخير [ ر ] - [ ب ـ ـ ـ ر ] - عدد الحروف 5 -",بقرار,وبقرار,بقراره
"-( ه ) توفير ت ـ ـ ـ ب كاف للموظفين من أجل التنفيذ الكامل لنظام مراقبة الأصول الميدانية وصيانته .-

- الحرف الأول [ ت ] - الحرف الأخير [ ب ] - [ ت ـ ـ ـ ب ] - عدد الحروف 5 -",تدريب,كتدريب,تدريبة
"-ومن هنا ، فقد اعتمدت اللجنة بدرجات م ـ ـ ـ ـ ـ ة على النتائج التي خلصت إليها منظمات محترمة غير حكومية إذ أيدتها أقوال شهود عيان وجاءت متوافقة مع أدلة أخرى تلقتها اللجنة .-

- الحرف الأول [ م ] - الحرف الأخير [ ة ] - [ م ـ ـ ـ ـ ـ ة ] - عدد الحروف 7 -",متفاوتة,ومتفاوتة,متفاوته
"-لقد أدت نهاية ا ـ ـ ـ ب الباردة إلى مناخ جديد في العلاقات الدولية وعدد من الاتجاهات والتطورات المشجعة .-

- الحرف الأول [ ا ] - الحرف الأخير [ ب ] - [ ا ـ ـ ـ ب ] - عدد الحروف 5 -",الحرب,االحرب,الثانيةالحرب
"-هل لي أن اعتبر أن الجمعية تود أن تحذو ح ـ ـ ـ ا ؟-

- الحرف الأول [ ح ] - الحرف الأخير [ ا ] - [ ح ـ ـ ـ ا ] - عدد الحروف 5 -",حذوها,حذوه,حذوهم
"-: : يجب القضاء على التمييز ضد النساء والفتيات في مجال الرعاية ا ـ ـ ـ ـ ة العقلية والبدنية وينبغي إتاحة الرعاية ا ـ ـ ـ ـ ة العقلية المناسبة للنساء على مدى الحياة .-

- الحرف الأول [ ا ] - الحرف الأخير [ ة ] - [ ا ـ ـ ـ ـ ة ] - عدد الحروف 6 -",الصحية,والصحية,الرعاية
"-"" ١٤ - يطلب الى الأمين العام أن يوافي مجلس الأمن تباعا بالتطورات المتعلقة ب ـ ـ ـ ـ ذ أحكام اتفاق السلم العام وأن يقدم تقريرا عن المسألة الى مجلس الأمن قبل ٣١ تشرين الأول / اكتوبر ٣٩٩١ بوقت كاف ؛-

- الحرف الأول [ ب ] - الحرف الأخير [ ذ ] - [ ب ـ ـ ـ ـ ذ ] - عدد الحروف 6 -",بتنفيذ,وبتنفيذ,بتنفيذها
"-2 - 4 تتمثل الأهداف الرئيسية لقانون مكافحة الإرهاب الذي اعتمده المجلس الأعلى لجمهورية أوزبكستان في 15 كانون الأول / ديسمبر 2000 في ضمان سلامة الأفراد والمجتمع والدولة من الإرهاب ، وحماية سيادة الدولة و ـ ـ ـ ـ ـ ـ ا الإقليمية ، وصون القانون والنظام والحفاظ على الوفاق الوطني .-

- الحرف الأول [ و ] - الحرف الأخير [ ا ] - [ و ـ ـ ـ ـ ـ ـ ا ] - عدد الحروف 8 -",وسلامتها,سلامتها,وسلامته
"-إن هذه الانتهاكات التي ترتكبها الطائرات العسكرية الأمريكية والبريطانية والتي تستخدم فيها ( 10 - 20 ) طائرة يوميا ترقى إلى مستوى الحرب غير المعلنة وتستوجب من الأمم المتحدة أن تتخذ الإجراءات المطلوبة إزاءها بموجب الميثاق لوقف العدوان وتحميل الجهة التي ارتكبتها كامل ا ـ ـ ـ ـ ـ ـ ـ ة الدولية بضمن ذلك دفع التعويضات للجانب العراقي .-

- الحرف الأول [ ا ] - الحرف الأخير [ ة ] - [ ا ـ ـ ـ ـ ـ ـ ـ ة ] - عدد الحروف 9 -",المسؤولية,والمسؤولية,مسؤولية
"-كما تحتفظ البعثة بمكتب في سكوبي وهو يتواصل مع السلطات ا ـ ـ ـ ـ ـ ة والإقليمية من أجل نقل وتسليم البضائع للبعثة .-

- الحرف الأول [ ا ] - الحرف الأخير [ ة ] - [ ا ـ ـ ـ ـ ـ ة ] - عدد الحروف 7 -",المحلية,المحليةفي,والمحلية
"-فالاستبيانات السابقة للدورات ، عندما تستخدم على الوجه السليم ، تمكن المدرب من تكييف الدورة التدريبية مع الاحتياجات ا ـ ـ ـ ـ ـ ـ ـ ة الخاصة للجمهور المستهدف .-

- الحرف الأول [ ا ] - الحرف الأخير [ ة ] - [ ا ـ ـ ـ ـ ـ ـ ـ ة ] - عدد الحروف 9 -",التعليمية,والتعليمية,التعليميه
"-وأحاطوا علما بأن التقرير ا ـ ـ ـ ـ م قريب جدا من الكمال ، وأنه وضع وفقا للمبادئ التوجيهية التي أعدتها اللجنة ، وأنه يتضمن معلومات لها أهميتها ويدل على أن السنغال تحترم ، أساسا ، التزاماتها بموجب الاتفاقية .-

- الحرف الأول [ ا ] - الحرف الأخير [ م ] - [ ا ـ ـ ـ ـ م ] - عدد الحروف 6 -",المقدم,والمقدم,بالمقدم
"-٧ - توصي اللجنة الخامسة الجمعية العامة بأن تعتمد م ـ ـ ـ ع القرار التالي :-

- الحرف الأول [ م ] - الحرف الأخير [ ع ] - [ م ـ ـ ـ ع ] - عدد الحروف 5 -",مشروع,فمشروع,المشروع
"-وإذ يشير بصفة خاصة إلى قراريه 1503 ( 2003 ) المؤرخ 28 آب / أغسطس 2003 و 1534 ( 2004 ) المؤرخ 26 آذار / مارس 2004 ، اللذين دعا فيهما مجلس الأمن المحكمة الدولية إلى اتخاذ جميع ا ـ ـ ـ ـ ـ ـ ر الممكنة من أجل إتمام التحقيقات بحلول نهاية عام 2004 ، وإتمام جميع أنشطة محاكمات المرحلة الابتدائية بحلول نهاية عام 2008 ، وإتمام جميع الأعمال في عام 2010 ،-

- الحرف الأول [ ا ] - الحرف الأخير [ ر ] - [ ا ـ ـ ـ ـ ـ ـ ر ] - عدد الحروف 8 -",التدابير,والتدابير,لتدابير
"-ألف - ا ـ ـ ـ ـ ـ ل الواردة في الفترة بين ٢٤ حزيران / يونيه و ٣٠ أيلول / سبتمبر ١٩٩١ وتقرير الأمين العام-

- الحرف الأول [ ا ] - الحرف الأخير [ ل ] - [ ا ـ ـ ـ ـ ـ ل ] - عدد الحروف 7 -",الرسائل,فالرسائل,والرسائل
"-٧٤٦ - وفيما يخص أسلحة ا ـ ـ ـ ـ ـ ر الشامل الأخرى ، فإن اللجنة التحضيرية لمنظمة حظر الأسلحة الكيميائية تقوم بأعمال رائدة في إعدادها لتنفيذ اتفاقية حظر استحداث وانتاج وتخزين واستخدام الأسلحة الكيميائية .-

- الحرف الأول [ ا ] - الحرف الأخير [ ر ] - [ ا ـ ـ ـ ـ ـ ر ] - عدد الحروف 7 -",التدمير,والتدمير,التدميري
"-وفي هذا الصدد ، يشجع المقرر الخاص جميع الدول التي لم تصدق بعد على العهد الدولي الخاص بالحقوق ا ـ ـ ـ ـ ـ ة والسياسية والعهد الدولي الخاص بالحقوق الاقتصادية والاجتماعية والثقافية على القيام بذلك .-

- الحرف الأول [ ا ] - الحرف الأخير [ ة ] - [ ا ـ ـ ـ ـ ـ ة ] - عدد الحروف 7 -",المدنية,لمدنية,والمدنية
"-وقال إنه بحلول عام ١٩٩٥ ، سيتم سحب كل من القوات "" الإقليمية والنظامية "" من ت ـ ـ ـ ر الشرقية وتكون جميع المسائل التي تعالجها القوات العسكرية في الوقت الراهن قد انتقلت بالفعل إلى الحكومة المحلية ) ١٦ ( .-

- الحرف الأول [ ت ] - الحرف الأخير [ ر ] - [ ت ـ ـ ـ ر ] - عدد الحروف 5 -",تيمور,تيموررجبوف,بتيمور
"-تقع مسؤولية تنفيذ البرنامج الفرعي المتعلق بالإدارة البيئية على عاتق شعبة ا ـ ـ ـ ـ ـ ن البيئي والاتفاقيات البيئية .-

- الحرف الأول [ ا ] - الحرف الأخير [ ن ] - [ ا ـ ـ ـ ـ ـ ن ] - عدد الحروف 7 -",القانون,فالقانون,والقانون
"-و ـ ـ ـ ة تحقيق هذه الانتصارات في مجال مكافحة واستئصال الأمراض التي يمكن الوقاية منها عن طريق التحصين ، لعبت التطورات الأخيرة دورا حيويا من حيث التغطية التي حققتها حملات التطعيم في إطار البرنامج البرازيلي الوطني للتحصينات .-

- الحرف الأول [ و ] - الحرف الأخير [ ة ] - [ و ـ ـ ـ ة ] - عدد الحروف 5 -",وبغية,بغية,صبغية
