QUESTION_TEXT,OPTION_1,OPTION_2,OPTION_3
"-وقد استقطبت هذه الجهود التي تبذلها الحكومة فئات ا ـ ـ ـ ـ ـ ع المدني ، التي أصبحت معنية وذات صلة بالاستجابة الوطنية لفيروس نقص المناعة البشرية / الإيدز ، عبر العديد من الجماعات الدينية والمجتمعات المحلية .-

- الحرف الأول [ ا ] - الحرف الأخير [ ع ] - [ ا ـ ـ ـ ـ ـ ع ] - عدد الحروف 7 -",المجتمع,المجتمعى,فالمجتمع
"-"" وإذ نلاحظ بقلق ظهور أشكال جديدة ومستجدة من الجريمة عبر ا ـ ـ ـ ـ ـ ة ،-

- الحرف الأول [ ا ] - الحرف الأخير [ ة ] - [ ا ـ ـ ـ ـ ـ ة ] - عدد الحروف 7 -",الوطنية,لوطنية,بالوطنية
"-ويجب أيضا أن يستكمل برنامج ا ـ ـ ـ ـ ـ ة جدول أعمال القرن ٢١ ، الذي يعكس بالفعل معظم اهتمامات المجتمع الدولي المتعلقة بالتنمية .-

- الحرف الأول [ ا ] - الحرف الأخير [ ة ] - [ ا ـ ـ ـ ـ ـ ة ] - عدد الحروف 7 -",التنمية,فالتنمية,وبالتنمية
"-ويسعى أكثر من 70 في المائة من الحكومات المحلية التي اعتمدت استراتيجيات متعلقة بجداول أعمال القرن 21 المحلية إلى الاستفادة من مساهمة م ـ ـ ـ ف أصحاب المصلحة ، وتوجد أكثر العمليات شمولا في أقل البلدان نموا .-

- الحرف الأول [ م ] - الحرف الأخير [ ف ] - [ م ـ ـ ـ ف ] - عدد الحروف 5 -",مختلف,ولمختلف,فمختلف
"-وتأمل هولندا أن يعتمد مشروع ا ـ ـ ـ ـ ر بتوافق الآراء وأن يؤدي ذلك إلى المزيد من الدعم للمحكمة الجنائية الدولية في مكافحة الإفلات من العقاب وفي محاولاتها لمساءلة مرتكبي الجرائم الجسيمة عن أفعالهم .-

- الحرف الأول [ ا ] - الحرف الأخير [ ر ] - [ ا ـ ـ ـ ـ ر ] - عدد الحروف 6 -",القرار,والقرار,فالقرار
"-125 - لقد ترسخ مذهب "" ضبط التجارة "" ، الذي وردت الإشارة إليه في ا ـ ـ ـ ـ ـ ر الأولي ، إلى حد أكبر في القضايا القضائية الحديثة .-

- الحرف الأول [ ا ] - الحرف الأخير [ ر ] - [ ا ـ ـ ـ ـ ـ ر ] - عدد الحروف 7 -",التقرير,والتقرير,التقريري
"-وبالمثل ، فإن هذه الوثيقة قد تم اعتمادها من قبل مجلس الأمن ، لأول مرة ، في جلسة ع ـ ـ ـ  ، وهي تتضمن تذييلا جديدا أدرجت فيه بالترتيب الزمني قائمة بالبيانات التي أصدرها رئيس مجلس الأمن خلال الفترة الزمنية التي يتناولها التقرير .-

- الحرف الأول [ ع ] - [ ع ـ ـ ـ  ] - عدد الحروف 4 -",عامة,بصفة,عامة تقع
"-وقد أدخل نظام معلم الفصل الى مدارس البحرين في العام الدراسي 83 / 84 ، ضمن مشروع تطوير واسع أدخل على ا ـ ـ ـ ـ ـ م الإبتدائي وشمل أهداف ا ـ ـ ـ ـ ـ م ومناهجه وأساليب ا ـ ـ ـ ـ ـ م والتقويم واعداد المعلمين وتأهيلهم للخدمة والإدارة المدرسية وتصميم المبنى المدرسي .-

- الحرف الأول [ ا ] - الحرف الأخير [ م ] - [ ا ـ ـ ـ ـ ـ م ] - عدد الحروف 7 -",التعليم,فالتعليم,والتعليم
"-ورحبت ا ـ ـ ـ ـ ة بالمعلومات التي قدمها شفويا ممثل الدولة المقدمة للتقرير ، وهي معلومات وضﱠحت العديد من المسائل ، على الرغم من أن عددا كبيرا من المسائل التي أثارتها ا ـ ـ ـ ـ ة ظلت دون جواب .-

- الحرف الأول [ ا ] - الحرف الأخير [ ة ] - [ ا ـ ـ ـ ـ ة ] - عدد الحروف 6 -",اللجنة,فاللجنة,عضواللجنة
"-( د ) مواصلة التماس المساعدة من المفوضية ا ـ ـ ـ ـ ـ ة لحقوق الإنسان واليونيسيف ، من بين منظمات أخرى .-

- الحرف الأول [ ا ] - الحرف الأخير [ ة ] - [ ا ـ ـ ـ ـ ـ ة ] - عدد الحروف 7 -",السامية,والسامية,بالسامية
"-131 - ولئن كانت جزاءات الأمم المتحدة المفروضة على صادرات الأخشاب والماس تمثل بالفعل حاجزا أمام الاستثمارات الجديدة الكبيرة في ليبريا في فترة ما بعد الحرب ، فإن معظم المستثمرين الكبار في قطاعي الأخشاب والماس في ليبريا هم أيضا من أصدقاء الرئيس السابق تيلور والجهات الرئيسية الفاعلة في الحرب ا ـ ـ ـ ـ ـ ة .-

- الحرف الأول [ ا ] - الحرف الأخير [ ة ] - [ ا ـ ـ ـ ـ ـ ة ] - عدد الحروف 7 -",الأهلية,لأهلية,بالأهلية
"-تحذير القضاة من عمليات اعتقال "" غير مبررة "" للمشتبه فيهم والسجناء في زنزانات انفرادية ، ومنع السجناء من مقابلة محاميهم ، واستدعاء المشتبه فيهم بواسطة الهاتف ثم اعتقالهم بدون إبلاغ أسرهم ، "" ولسوء ا ـ ـ ـ  "" ، يتخذ بعض القضاة مواقف "" غير مناسبة "" ومعاملتهم للمتهمين والمشتبه فيهم "" تتناقض مع قواعد القوانين الصادرة والقوانين الدينية "" .-

- الحرف الأول [ ا ] - [ ا ـ ـ ـ  ] - عدد الحروف 4 -",الحظ,والحظ,حظ
"-وفي هذا الصدد ، ترحب الصين ببدء ن ـ ـ ـ  المعاهدة الأفريقية الخاصة بالمناطق الخالية من الأسلحة النووية في أفريقيا والمعاهدة الخاصة بمنطقة خالية من الأسلحة النووية في آسيا الوسطى ، ودعت الأطراف المعنيين للعمل معا لتنفيذ القرارات ذات الصلة الصادرة من الجمعية العامة بشأن الشرق الأوسط وخصوصا القرار بشأن الشرق الأوسط الذي اعتمد في مؤتمر الأطراف في معاهدة عدم انتشار الأسلحة النووية لاستعراض المعاهدة وتمديدها لعام 1995 .-

- الحرف الأول [ ن ] - [ ن ـ ـ ـ  ] - عدد الحروف 4 -",نفاذ,نفاذه,نفاذا
"-`2` يتم التقليل إلى الحد الأدنى من المخاطر الناجمة عن الاطلاقات غير المتعمدة من المواد الكيميائية التي تسبب مخاطر غير معقولة وبالتالي يصعب التحكم بها على صحة الإنسان والبيئة استنادا إلى ت ـ ـ ـ م مخاطر يستند إلى العلم ويأخذ في الاعتبار التكاليف والمنافع ؛-

- الحرف الأول [ ت ] - الحرف الأخير [ م ] - [ ت ـ ـ ـ م ] - عدد الحروف 5 -",تقييم,تقييمك,تقييمي
"-وفيما يتصل بالمسائل الموضوعية ، يتضمن الميثاق الموقع في نيروبي خمسة أجزاء أساسية هي : إعلان دار السلام ، الذي يشكل أساسا للميثاق ؛ والبروتوكولات الإقليمية ، وهي الأركان المؤسسية ؛ وبرامج العمل ، وهي الأركان البرامجية ؛ والصندوق الخاص لإعادة ا ـ ـ ـ ـ ـ ر والتنمية ، وهو الركن المالي ؛ وآلية المتابعة الإقليمية ، وهي الأداة التنفيذية .-

- الحرف الأول [ ا ] - الحرف الأخير [ ر ] - [ ا ـ ـ ـ ـ ـ ر ] - عدد الحروف 7 -",الإعمار,والإعمار,لإعمار
"-وأفاد كل من مركزي الماس أنه لا توجد مشاكل ت ـ ـ ـ ق بالواردات بموجب النظام الجديد لشهادات المنشأ في أنغولا .-

- الحرف الأول [ ت ] - الحرف الأخير [ ق ] - [ ت ـ ـ ـ ق ] - عدد الحروف 5 -",تتعلق,المتعلقة,لاتتعلق
"-وضحاياها هم العناصر الطبيعية سريعة التأثر للكثير من البلدان وشعوبها . وهي تقوض سبل ا ـ ـ ـ ش الوطني وجهود التنمية الاقتصادية التي تبذلها الكثير من الحكومات .-

- الحرف الأول [ ا ] - الحرف الأخير [ ش ] - [ ا ـ ـ ـ ش ] - عدد الحروف 5 -",العيش,والعيش,العيشى
"-( ج ) المسائل الأخرى التي يرى مراجع الحسابات ضرورة إحاطة جمعية الدول ا ـ ـ ـ ـ ـ ف علما بها ، مثل ؛-

- الحرف الأول [ ا ] - الحرف الأخير [ ف ] - [ ا ـ ـ ـ ـ ـ ف ] - عدد الحروف 7 -",الأطراف,والأطراف,لأطراف
"-2 - يطلب أن تقدم الأطراف هذه المعلومات إلى الأمانة عن ا ـ ـ ـ ة التقويمية 2005 قبل نهاية ا ـ ـ ـ ة التقويمية 2006 في شكل إلكتروني إن أمكن ؛-

- الحرف الأول [ ا ] - الحرف الأخير [ ة ] - [ ا ـ ـ ـ ة ] - عدد الحروف 5 -",السنة,فالسنة,وبالسنة
"-A / ES - 10 / 363 - S / 2006 / 858 ر ـ ـ ـ ـ ـ ن متطابقتان مؤرختان 1 تشرين الثاني / نوفمبر 2006 موجهتان إلى الأمين العام ورئيس مجلس الأمن من المراقب الدائم لفلسطين لدى الأمم المتحدة [ بجميع اللغات الرسمية ]-

- الحرف الأول [ ر ] - الحرف الأخير [ ن ] - [ ر ـ ـ ـ ـ ـ ن ] - عدد الحروف 7 -",رسالتان,الرسالتان,رسالتين
