QUESTION_TEXT,OPTION_1,OPTION_2,OPTION_3
"-٤ - ويتضمن الفرع الثاني من هذا التقرير م ـ ـ ـ ا مختصرا للسمات الأساسية للحالة الاقتصادية في افريقيا ، بما في ذلك مناقشة العوامل الرئيسية التي يعزى إليها ضعف الأداء الاقتصادي .-

- الحرف الأول [ م ] - الحرف الأخير [ ا ] - [ م ـ ـ ـ ا ] - عدد الحروف 5 -",موجزا,موجزه,موجز
"-15 - يعد بناء القدرات في سياق تعزيز تنفيذ المادة 4 - 5 من الاتفاقية عملية تسعى إلى بناء وتطوير وتدعيم وتعزيز وتحسين المهارات العلمية والتقنية وكذلك القدرات والمؤسسات التي تملكها أطراف غير البلدان المتقدمة الأطراف وسائر البلدان المتقدمة الأطراف غير المدرجة في المرفق الثاني ، ولا سيما البلدان ا ـ ـ ـ ـ ـ ة الأطراف لتمكينها من تقييم التكنولوجيات السليمة بيئيا وتطويعها وإدارتها وتطويرها .-

- الحرف الأول [ ا ] - الحرف الأخير [ ة ] - [ ا ـ ـ ـ ـ ـ ة ] - عدد الحروف 7 -",النامية,والنامية,النامي
"-72 - للحصول على معلومات في هذا الشأن ، أنظر الفرع رابعا - زاي - 2 من ا ـ ـ ـ ـ ـ ئ التوجيهية التقنية العامة .-

- الحرف الأول [ ا ] - الحرف الأخير [ ئ ] - [ ا ـ ـ ـ ـ ـ ئ ] - عدد الحروف 7 -",المبادئ,والمبادئ,المباديء
"-80 - وأقر بالدور الحاسم الذي يضطلع به الاتحاد الأفريقي والهيئة ا ـ ـ ـ ـ ـ ـ ة الدولية المعنية بالتنمية في دعم عملية السلام في الصومال .-

- الحرف الأول [ ا ] - الحرف الأخير [ ة ] - [ ا ـ ـ ـ ـ ـ ـ ة ] - عدد الحروف 8 -",الحكومية,والحكومية,للحكومية
"-77 - وينبغي للدول ا ـ ـ ـ ـ ـ ف في معاهدة عدم الانتشار أن تسعى لتعزيز نزع السلاح في جميع الدول دونما استثناء .-

- الحرف الأول [ ا ] - الحرف الأخير [ ف ] - [ ا ـ ـ ـ ـ ـ ف ] - عدد الحروف 7 -",الأطراف,والأطراف,لأطراف
"-وعليه ، فإن فكرة الحط من المهمة الرئيسية المتمثلة في ترسيم ا ـ ـ ـ ـ د الفعلي بأن يعهد بها إلى الطرفين ، خلافا لاتفاق الجزائر الذي ينص صراحة على أن تنفيذ قرار لجنة ا ـ ـ ـ ـ د النهائي والملزم هو من مهمة لجنة ا ـ ـ ـ ـ د ، فكرة لا يمكن لإريتريا قبولها لاعتبارات تتعلق بالمبادئ القانونية ولأنها لن تؤدي إلا لمزيد من التأخيرات والتقيدات .-

- الحرف الأول [ ا ] - الحرف الأخير [ د ] - [ ا ـ ـ ـ ـ د ] - عدد الحروف 6 -",الحدود,الحدودى,فالحدود
"-9 - وهذه الجملة مماثلة للنص المستخدم في العهد الدولي الخاص بالحقوق الاقتصادية والاجتماعية والثقافية وتتفق لجنة حقوق الطفل تماما مع لجنة الحقوق الاقتصادية والاجتماعية والثقافية للتأكيد على أنه "" حتى عندما يثبت أن الموارد المتاحة غير كافية ، تظل الدولة الطرف ملتزمة بالسعي لضمان التمتع ، على أ ـ ـ ـ  نطاق ممكن ، بالحقوق ذات الصلة في ظل الظروف السائدة . . . "" ( ) .-

- الحرف الأول [ أ ] - [ أ ـ ـ ـ  ] - عدد الحروف 4 -",أوسع,بأوسع,وأوسع
"-وفيما يتعلق بالتكاليف الإضافية ، تؤكد وزارة الصحة على أن هذه التكاليف ترمي إلى تغطية ز ـ ـ ـ ة التكاليف في الفترة ما بعد التحرير .-

- الحرف الأول [ ز ] - الحرف الأخير [ ة ] - [ ز ـ ـ ـ ة ] - عدد الحروف 5 -",زيادة,وزيادة,كزيادة
"-وتحيط اللجنة علما بوجه خاص بغياب معلومات عن السن الدنيا للمسؤولية ا ـ ـ ـ ـ ـ ـ ة .-

- الحرف الأول [ ا ] - الحرف الأخير [ ة ] - [ ا ـ ـ ـ ـ ـ ـ ة ] - عدد الحروف 8 -",الجنائية,والجنائية,الجنائي
"-ورحب المشاركون بالمبادئ التوجيهية بوصفها بيانا مفيدا بقواعد القانون الدولي فيما يتصل بالمشردين د ـ ـ ـ ـ ا ، فضلا عن كونها أداة إرشادية يسيرة الفهم في الحالات التي يكتنفها الغموض في القانون الدولي الحالي .-

- الحرف الأول [ د ] - الحرف الأخير [ ا ] - [ د ـ ـ ـ ـ ا ] - عدد الحروف 6 -",داخليا,وداخليا,وخارجيا
"-ولا يزال لبنان يفتقر إلى لجنة و ـ ـ ـ ة مستقلة لحقوق الإنسان يمكن أن توكل إليها ولاية رصد شاملة .-

- الحرف الأول [ و ] - الحرف الأخير [ ة ] - [ و ـ ـ ـ ة ] - عدد الحروف 5 -",وطنية,وطنيةونظم,ووطنية
"-بعثة الأمم المتحدة في جمهورية أفريقيا الوسطى و ـ ـ ـ د بعثة الأمم المتحدة للاستفتاء في الصحراء الغربية بعثة الأمم المتحدة لتحقيق الاستقرار في هايتي بعثة الأمم المتحدة لتحقيق الاستقرار في جمهورية الكونغو الديمقراطية-

- الحرف الأول [ و ] - الحرف الأخير [ د ] - [ و ـ ـ ـ د ] - عدد الحروف 5 -",وتشاد,تشاد,ريتشاد
"-6 - وخلال الفترة المشمولة بالتقرير ، طلب من المفوضية ت ـ ـ ـ م المعلومات والمشورة و / أو المساعدة للحكومات أو الإدارات فيما يتعلق بتأسيس مثل هذه المؤسسات في أرمينيا وأذربيجان وبنغلاديش وبوروندي وكمبوديا والرأس الأخضر وكوت ديفوار وشيلي وتيمور الشرقية وإثيوبيا وفيجي وغابون وألمانيا وآيرلندا والأردن وكازاخستان وكينيا وقيرغيزستان وليبيريا وماليزيا وموريشيوس ومنغوليا ونيبال وجمهورية كوريا وسيراليون وتايلند والمملكة المتحدة لبريطانيا العظمى وآيرلندا الشمالية ويوغوسلافيا ، بما في ذلك كوسوفو .-

- الحرف الأول [ ت ] - الحرف الأخير [ م ] - [ ت ـ ـ ـ م ] - عدد الحروف 5 -",تقديم,كتقديم,تقديمك
"-ويزداد تفاقم نقص ا ـ ـ ـ ـ ـ م الطبية من جراء عدم كفاية امدادات مياه الشرب وتدني مستوى المرافق الصحية بسبب عدم توافر المعدات وقطع الغيار اللازمة لإجراء الإصلاحات الأساسية لشبكات المياه والصرف الصحي وشبكات الكهرباء المتصلة بها .-

- الحرف الأول [ ا ] - الحرف الأخير [ م ] - [ ا ـ ـ ـ ـ ـ م ] - عدد الحروف 7 -",اللوازم,واللوازم,للوازم
"-١١ - وتتاح جميع الخدمات في قطاع ا ـ ـ ـ ـ ـ م النظامي مجانا .-

- الحرف الأول [ ا ] - الحرف الأخير [ م ] - [ ا ـ ـ ـ ـ ـ م ] - عدد الحروف 7 -",التعليم,فالتعليم,والتعليم
"-دورات تدريبية وحلقات عمل للمدرسين والتربويين في نظام التعليم النظامي وغير النظامي لبناء قدراتهم بما في ذلك الخدمات المصرفية الخضراء ، والمحاسبة الخاصة بالمشتريات والبيئة المستدامة ومشاريع آلية التنمية النظيفة على المستوى الصغير في مجال الكتلة الحيوية والطاقة والغابات ( دورتان ) ، ( مقرر مجلس الإدارة 22 / 21 ) ، ( الشركاء ا ـ ـ ـ ـ ـ ـ ـ ن : برنامج الأمم المتحدة الإنمائي وجامعات مختلفة )-

- الحرف الأول [ ا ] - الحرف الأخير [ ن ] - [ ا ـ ـ ـ ـ ـ ـ ـ ن ] - عدد الحروف 9 -",الخارجيون,الداخليون,كرجيون
"-ولم يحاول ص ـ ـ ـ  المطالبة إثبات أنه تكبد خسارة عن الكسب الفائت بسبب توقف تنفيذ العقد .-

- الحرف الأول [ ص ] - [ ص ـ ـ ـ  ] - عدد الحروف 4 -",صاحب,وصاحب,لصاحب
"-) ب ( البلدان المتقدمة النمو ) الاقتصادات الصناعية والاقتصادات التي ت ـ ـ  بمرحلة انتقال ( - اتجاهات النمو السكاني منذ السبعينات ) بما في ذلك البلدان النامية ( ؛ الخصائص السكانية ؛ الشواغل الرئيسية المتعلقة بالسكان ؛ مجالات السياسة السكانية الحالية ؛ التعاون الدولي .-

- الحرف الأول [ ت ] - [ ت ـ ـ  ] - عدد الحروف 3 -",تمر,وتمر,يمر
"-71 - واعتمد مجلس الإدارة / المنتدى البيئي الوزاري العالمي في دورته الاستثنائية السابعة في عام 2002 ، استنادا إلى التقرير المذكور ، المقرر د . إ - 7 / 3 بشأن ا ـ ـ ـ ج الاستراتيجي للإدارة الدولية للمواد الكيميائية وصدق على إعلان باهيا كأساس لهذا ا ـ ـ ـ ج .-

- الحرف الأول [ ا ] - الحرف الأخير [ ج ] - [ ا ـ ـ ـ ج ] - عدد الحروف 5 -",النهج,والنهج,النهجية
"-وتجدر الإشارة إلى أنه في أثناء المشاورات التي أجرتها الأطراف الإيفوارية تحضيرا للاجتماع المعقود في 15 كانون الثاني / يناير 2006 ، تم إطلاع الفريق العامل بصورة وافية على آراء مختلف المجموعات البرلمانية فيما يتعلق بهذه المسألة ، لا سيما رأي المجلس الدستوري المؤرخ 15 كانون الأول / ديسمبر 2005 ، وكانت كلها آراء مؤيدة لتمديد ولاية الجمعية ا ـ ـ ـ ـ ـ ة .-

- الحرف الأول [ ا ] - الحرف الأخير [ ة ] - [ ا ـ ـ ـ ـ ـ ة ] - عدد الحروف 7 -",الوطنية,لوطنية,بالوطنية
