QUESTION_TEXT,OPTION_1,OPTION_2,OPTION_3
"-- يؤكد ض ـ ـ ـ ة توفير المستوى المناسب من الخبرة العسكرية لقرارات مجلس الأمن ؛-

- الحرف الأول [ ض ] - الحرف الأخير [ ة ] - [ ض ـ ـ ـ ة ] - عدد الحروف 5 -",ضرورة,كضرورة,وضرورة
"-وإذا كان عدد الطلبات كبيرا للغاية ت ـ ـ ـ  اللجنة التحضيرية إلى المنظمات غير الحكومية أن تشكل من نفسها مجموعات على أن يكون لكل مجموعة متحدث واحد باسمها .-

- الحرف الأول [ ت ] - [ ت ـ ـ ـ  ] - عدد الحروف 4 -",تطلب,ستطلب,وتطلب
"-وتتقيد ليختنشتاين في إصدار جوازات ا ـ ـ ـ ر ووثائق الهوية بجميع الشروط المتعلقة بتوفير الحماية ضد التزييف ، وضمان صحة البيانات وإمكانية التحقق الدولي .-

- الحرف الأول [ ا ] - الحرف الأخير [ ر ] - [ ا ـ ـ ـ ر ] - عدد الحروف 5 -",السفر,والسفر,سفر
"-59 - وعلى نحو ما جاء في دراسات الحالة ، فإن هيئات المحاسبة المهنية تساهم في فعالية تطبيق المعايير الدولية للإبلاغ ا ـ ـ ـ ـ ي ومعايير المحاسبة الدولية عن طريق وضع شروط يتحمل الأعضاء فيها مسؤولية توخي العناية الكافية في تطبيق تلك المعايير .-

- الحرف الأول [ ا ] - الحرف الأخير [ ي ] - [ ا ـ ـ ـ ـ ي ] - عدد الحروف 6 -",المالي,والمالي,لمالي
"-كما د ـ ـ  اللجنة أيضا أن تأخذ في اعتبارها مرفقات اتفاقية بازل التي تحدد النفايات الخطرة التي تخضع لتدابير الرقابة المنصوص عليها في الاتفاقية .-

- الحرف الأول [ د ] - [ د ـ ـ  ] - عدد الحروف 3 -",دعت,ودعت,تدعو
"-32 - وأثناء الفترة المشمولة ب ـ ـ ـ ـ ـ ـ ر ، تمكنت الأمم المتحدة من الحفاظ على إمكانية إيصال المساعدة الإنسانية وتنفيذ أنشطة الحماية والمساعدة الإنسانية على النحو المقرر .-

- الحرف الأول [ ب ] - الحرف الأخير [ ر ] - [ ب ـ ـ ـ ـ ـ ـ ر ] - عدد الحروف 8 -",بالتقرير,التقرير,والتقرير
"-٧٠ - تقوم شعبة النهوض بالمرأة حاليا بصياغة نهج يراعي نوع ا ـ ـ ـ س فيما يتعلق بوباء فيروس نقص المناعة البشرية / الايدز .-

- الحرف الأول [ ا ] - الحرف الأخير [ س ] - [ ا ـ ـ ـ س ] - عدد الحروف 5 -",الجنس,فالجنس,الجنسى
"-عناصر تشكيل هيكل تنمية دولي جديد لفائدة أقل البلدان نموا : دور آليات الدعم ا ـ ـ ـ ـ ي ؛-

- الحرف الأول [ ا ] - الحرف الأخير [ ي ] - [ ا ـ ـ ـ ـ ي ] - عدد الحروف 6 -",الدولي,كمالدولي,الدوليب
"-٥ - تحث مؤسسات جهاز الأمم المتحدة الإنمائي ، ولا سيما برنامج الأمم المتحدة الإنمائي ، على زيادة جهودها لدعم أ ـ ـ ـ ة التعاون التقني فيما بين البلدان النامية ، وعلى تحسين آليات التمويل القائمة ، بما فيها الموارد الإقليمية والأقاليمية والعالمية ؛-

- الحرف الأول [ أ ] - الحرف الأخير [ ة ] - [ أ ـ ـ ـ ة ] - عدد الحروف 5 -",أنشطة,كأنشطة,وأنشطة
"-( ب ) جعل السياحة قطاعا يحظى بالأولوية في السياسات الإنمائية الوطنية ، وإتاحة المشاركة الفعالة من جانب سلطات السياحة الوطنية في ع ـ ـ ـ ة اتخاذ القرار ؛-

- الحرف الأول [ ع ] - الحرف الأخير [ ة ] - [ ع ـ ـ ـ ة ] - عدد الحروف 5 -",عملية,هوعملية,وعملية
"-وفي إطار موضوع العنف ضد المرأة ، ستتناول إ ـ ـ ـ ة الأمم المتحدة مواضيع من قبيل الاغتصاب ، والعنف العائلي ، وختان الإناث ، ودور الرجل في القضاء على العنف ضد المرأة .-

- الحرف الأول [ إ ] - الحرف الأخير [ ة ] - [ إ ـ ـ ـ ة ] - عدد الحروف 5 -",إذاعة,وإذاعة,كإذاعة
"-وأعربت و ـ ـ ـ  عديدة من البلدان المانحة عن قلقها لأن بؤرة التركيز ستكون واسعة جدا وأكدت لذلك على الحاجة إلى التركيز ، على وجه الخصوص ، على تخفيف حدة الفقر والتنمية على صعيد المقاطعات .-

- الحرف الأول [ و ] - [ و ـ ـ ـ  ] - عدد الحروف 4 -",وفود,ووفود,لوفود
"-والغرض من التوصيات هو بيان الإجراءات التي يتعين اتباعها في حصول المتعاقدين على بيانات خط الأساس ، بما في ذلك عملية الرصد التي ستجرى أثناء أو بعد أي أنشطة يمكن أن تتسبب في إلحاق ض ـ ـ  جسيم بالبيئة ، وكذلك تيسير عملية الإبلاغ من قبل المتعاقدين .-

- الحرف الأول [ ض ] - [ ض ـ ـ  ] - عدد الحروف 3 -",ضرر,وضرر,لضرر
"-74 - وستؤدي التطورات ا ـ ـ ـ ـ ـ ة وتوقع نقل عدد يناهز مائتي معتقل من ألبان كوسوفو من مراكز الاعتقال في جمهورية يوغوسلافيا الاتحادية إلى الولاية القضائية لمحاكم كوسوفو إلى زيادة عدد القضايا الحساسة زيادة كبيرة .-

- الحرف الأول [ ا ] - الحرف الأخير [ ة ] - [ ا ـ ـ ـ ـ ـ ة ] - عدد الحروف 7 -",الأخيرة,لأخيرة,بالأخيرة
"-لا يمكن مواجهة ميراث الفصل العنصري من الفقر والمظالم الاجتماعية والاقتصادية على ا ـ ـ ـ ى القصير .-

- الحرف الأول [ ا ] - الحرف الأخير [ ى ] - [ ا ـ ـ ـ ى ] - عدد الحروف 5 -",المدى,والمدى,للمدى
"-وتولى ، في كل هذا ، أولوية عليا لتعزيز قدرة البلدان المستفيدة على تحقيق الاكتفاء الذاتي وتقديم مساعدة مستندة الى الطلب وتعزيز التنفيذ الوطني وتنسيق المعونة و ـ ـ ـ ـ ة الموارد .-

- الحرف الأول [ و ] - الحرف الأخير [ ة ] - [ و ـ ـ ـ ـ ة ] - عدد الحروف 6 -",وتعبئة,لتعبئة,تعبئة
"-أما المرحلة الثانية فيتم التركيز فيها على تنفيذ مشاريع رائدة متعددة الأغراض ورفع مستوى القدرات الذاتية على التنفيذ وإجراء د ـ ـ ـ ـ ت الجدوى الاقتصادية والاجتماعية بهدف تحسين الحالة المعيشية للسكان المتأثرين .-

- الحرف الأول [ د ] - الحرف الأخير [ ت ] - [ د ـ ـ ـ ـ ت ] - عدد الحروف 6 -",دراسات,كدراسات,ودراسات
"-ويؤدي انخفاض نسب الوفيات والخصوبة أيضا الى ارتفاع نسبة كبار السن بين السكان - - وهي ظاهرة لها آثار ه ـ ـ ـ  على قوة العمل ومعدلات الإعالة وخدمات الرعاية الاجتماعية ونظم الرعاية الصحية .-

- الحرف الأول [ ه ] - [ ه ـ ـ ـ  ] - عدد الحروف 4 -",هامة,مهمة,وهامة
"-واعتبرت دائرة ا ـ ـ ـ ـ ـ ـ ـ ف أن المادة 14 من العهد الدولي الخاص بالحقوق المدنية والسياسية ، التي تعترف بالحق في استئناف الإدانة أمام المحاكم ، "" تعكس قاعدة آمرة من قواعد القانون الدولي يجب على المحكمة أن تتقيد بها "" ( 48 ) .-

- الحرف الأول [ ا ] - الحرف الأخير [ ف ] - [ ا ـ ـ ـ ـ ـ ـ ـ ف ] - عدد الحروف 9 -",الاستئناف,الاستئنافي,والاستئناف
"-1 - بالنظر إلى أن مهمة المؤتمر هي استعراض سير المعاهدة ، عملا بالفقرة 3 من المادة الثامنة منها ، بغية ضمان تحقيق مقاصد ديباجتها وأحكامها ، وبالتالي تعزيز فعاليتها ، ينبغي بذل كل جهد من أجل الوصول إلى اتفاق بشأن المسائل الموضوعية بتوافق الآراء ، وينبغي ع ـ ـ  إجراء تصويت على هذه المسائل ما لم تستنفد كل الجهود من أجل تحقيق توافق الآراء .-

- الحرف الأول [ ع ] - [ ع ـ ـ  ] - عدد الحروف 3 -",عدم,وعدم,لعدم
