QUESTION_TEXT,OPTION_1,OPTION_2,OPTION_3
"-اعتمد هذا البيان المنظمات غير الحكومية ( ) التالية التي ت ـ ـ ـ ع بمركز استشاري لدى المجلس الاقتصادي والاجتماعي : الوكالة الإسلامية الأفريقية والجمعية الخيرية للرعاية الاجتماعية واتحاد رابطات النساء المسلمات في نيجيريا والمنظمة الدولية للنداء الإنساني والمنظمة الخيرية الإسلامية الدولية والاتحاد الإسلامي الدولي للمنظمات الطلابية ومنظمة الإغاثة الإسلامية الدولية والاتحاد الدولي للمرأة المسلمة ومنظمة الإغاثة الإسلامية ورابطة العالم الإسلامي والجمعية الخيرية القطرية والكشافة المسلمون الجزائريون .-

- الحرف الأول [ ت ] - الحرف الأخير [ ع ] - [ ت ـ ـ ـ ع ] - عدد الحروف 5 -",تتمتع,لتتمتع,وتتمتع
"-٢ - يعرب عن تقديره لما سبق أن قدم من تبرعات لقوة الأمم المتحدة لحفظ السلم في قبرص ، ولما عرض مؤخرا تقديمه من تبرعات من أجل المستقبل ، وهو ما يعتبر أمرا أ ـ ـ ـ ـ ا لاستمرار القوة ؛-

- الحرف الأول [ أ ] - الحرف الأخير [ ا ] - [ أ ـ ـ ـ ـ ا ] - عدد الحروف 6 -",أساسيا,وأساسيا,اساسيا
"-ومن الدورة الحادية والعشرين إلى الدورة السادسة والعشرين ، واصلت ا ـ ـ ـ ـ ـ ة العامة النظر في مسألة التعاون بين المنظمتين ، إلا أنها ركزت على مجالات معينة ) القرارات ٢١٠٣ ) د - ٢١ ( ، و٢١٩٣ ) د - ٢٢ ( ، و٢٥٠٥ ) د - ٢٤ ( ، و٢٨٦٣ ) د - ٢٦ ( ( .-

- الحرف الأول [ ا ] - الحرف الأخير [ ة ] - [ ا ـ ـ ـ ـ ـ ة ] - عدد الحروف 7 -",الجمعية,في الجمعية,فالجمعية
"-وندعو الدول إلى تنفيذ ب ـ ـ ـ ـ ج العمل العالمي لحماية البيئة البحرية من الأنشطة البرية وإلى الوفاء بالتزاماتها التي يجسدها إعلان بيجين بشأن مواصلة تنفيذ ذلك البرنامج .-

- الحرف الأول [ ب ] - الحرف الأخير [ ج ] - [ ب ـ ـ ـ ـ ج ] - عدد الحروف 6 -",برنامج,فبرنامج,برنامجة
"-ا ـ ـ ـ ـ ة الثالثة والفقرتان الرابعة والخامسة من الديباجة ، وبخاصة من حيث علاقتها بالمادة الرابعة وبالفقرتين السادسة والسابعة من الديباجة ( الامتثال والتحقق )-

- الحرف الأول [ ا ] - الحرف الأخير [ ة ] - [ ا ـ ـ ـ ـ ة ] - عدد الحروف 6 -",المادة,والمادة,فالمادة
"-) ه ( تعزيز التعاون مع برنامج الأمم المتحدة الانمائي وغيره من منظمات الأمم المتحدة ، وبصفة خاصة على المستوى القطري عن طريق دعم أفرقة ادارة الكوارث : سيتم ، طيلة فترة الطوارئ بكاملها ، الحفاظ على ت ـ ـ ـ ن وثيق ومستمر بين برنامج الأمم المتحدة الانمائي وادارة الشؤون الانسانية .-

- الحرف الأول [ ت ] - الحرف الأخير [ ن ] - [ ت ـ ـ ـ ن ] - عدد الحروف 5 -",تعاون,وتعاون,كتعاون
"-الحق الحصري للكتاب والفنانين الأدائيين ومنتجي التسجيلات الصوتية في السماح ببث أعمالهم علنا ع ـ ـ  وسائط الاتصال السلكية واللاسلكية من أي مكان وفي أي وقت ( أي نقلها ع ـ ـ  شبكة الإنترنت ) ؛-

- الحرف الأول [ ع ] - [ ع ـ ـ  ] - عدد الحروف 3 -",عبر,عبرها,وعبر
"-كذلك ، كما أفيد سابقا ، خفض عدد ا ـ ـ ـ ـ ـ ف الممولة من الميزانية الادارية الأساسية للمقر ، بفترة السنتين ١٩٩٢ - ١٩٩٣ الحالية ، بنسبة ١٥ في المائة .-

- الحرف الأول [ ا ] - الحرف الأخير [ ف ] - [ ا ـ ـ ـ ـ ـ ف ] - عدد الحروف 7 -",الوظائف,فالوظائف,والوظائف
"-119 - وتشكل مجالس مهنية تتألف من ممثلي حكومة الجمهورية واتحادات أ ـ ـ ـ ب العمل ونقابات العمال من أجل الاتفاق على احتياجات المجتمع وسوق العمل .-

- الحرف الأول [ أ ] - الحرف الأخير [ ب ] - [ أ ـ ـ ـ ب ] - عدد الحروف 5 -",أرباب,وأرباب,أربابه
"-ونفذ في باراغواي مشروع ضخم لتقاسم التكلفة لاصلاح القطاع المالي وتنظيم الدور الاشرافي الذي يضطلع به البنك المركزي وذلك ل ـ ـ  تصبح باراغواي مؤهلة للحصول على قرض مشترك من البنك الدولي / مصرف التنمية للبلدان الأمريكية قيمته ١٠٠ مليون دولار .-

- الحرف الأول [ ل ] - [ ل ـ ـ  ] - عدد الحروف 3 -",لكي,ولكي,كي
"-( ب ) التشديد على أهمية منع الاختفاء القسري وإجراء ا ـ ـ ـ ـ ـ ـ ـ ت في هذا المجال ؛-

- الحرف الأول [ ا ] - الحرف الأخير [ ت ] - [ ا ـ ـ ـ ـ ـ ـ ـ ت ] - عدد الحروف 9 -",التحقيقات,والتحقيقات,بالتحقيقات
"-55 - تقتضي عمليات تنقيح خطة الرصد ، أن يقدم المشاركون في المشروع ما يبرر أنها تحسن دقة المعلومات و / أو كمالها ويتم تصديقها من قبل الكيان التشغيلي ا ـ ـ ـ ـ ن المعني .-

- الحرف الأول [ ا ] - الحرف الأخير [ ن ] - [ ا ـ ـ ـ ـ ن ] - عدد الحروف 6 -",المعين,والمعين,المعينه
"-وفي هذا الصدد ، نرحب بالمناقشات التي جرت في الأسبوع ا ـ ـ ـ ـ ي في الاجتماع الأول للفريق العامل الحكومي الدولي المفتوح باب العضوية والمعني باستعراض عمل ووظائف مجلس حقوق الإنسان .-

- الحرف الأول [ ا ] - الحرف الأخير [ ي ] - [ ا ـ ـ ـ ـ ي ] - عدد الحروف 6 -",الماضي,الماض,الماضيه
"-وتتضمن مجالات الاهتمام الأخرى ما يلي : الأنشطة التدريبية لمساعدة البلدان الأعضاء على تناول الجوانب الأداتية والتنفيذية لإدارة التنمية المستدامة بيئيا ؛ وإدماج البعد البيئي في الإدارة الحضرية ، وتحليل دور صناعة البناء كمشجع للتنمية والعدالة الاجتماعية ؛ وتطبيق آليات ابتكارية فيما يتعلق بتخصيص الموارد من أجل الإسكان و ـ ـ ـ ـ ـ ـ ة الحضرية .-

- الحرف الأول [ و ] - الحرف الأخير [ ة ] - [ و ـ ـ ـ ـ ـ ـ ة ] - عدد الحروف 8 -",والتنمية,فالتنمية,والتنميه
"-وفي الجلسة 5528 ، ووفقا للتفاهم الذي تم التوصل إليه في مشاورات المجلس السابقة ، وجه الرئيس ، ب ـ ـ ـ ـ ـ ة المجلس ، وبموجب المادة 39 من النظام الداخلي المؤقت للمجلس ، الدعوة إلى يان برونك ، الممثل الخاص للأمين العام للسودان ورئيس بعثة الأمم المتحدة في السودان .-

- الحرف الأول [ ب ] - الحرف الأخير [ ة ] - [ ب ـ ـ ـ ـ ـ ة ] - عدد الحروف 7 -",بموافقة,وبموافقة,بموافقته
"-١٤ - وإذا كان وفد بوركينا فاصو يسلم بأن هذه المؤسسات قد بذلت منذ فترة جهدا تضافريا في هذا الصدد ، فليس لديه أي أمل في نجاح برامج التكيف ا ـ ـ ـ ـ ـ ي ، حيث أن متطلبات الرفاهية والتنمية عنصران لا يمكن فصل احدهما عن الآخر .-

- الحرف الأول [ ا ] - الحرف الأخير [ ي ] - [ ا ـ ـ ـ ـ ـ ي ] - عدد الحروف 7 -",الهيكلي,والهيكلي,الهيكليه
"-117 - وفي هذا الصدد ، أكدت اللجنة من جديد التزامات كل طرف كما هي محددة : في قرارات الأمم المتحدة ، ومنها القرار 1304 ( 2001 ) ، وتنص بوجه خاص على وجوب انسحاب جميع ا ـ ـ ـ ـ ت الأجنبية من جمهورية الكونغو الديمقراطية وأن يتم هذا الانسحاب على مراحل وبطريقة منظمة وأن ينفذه كل طرف من جانبه وفقا لخطط يتم التفاوض عليها مسبقا ويقبلها جميع الأطراف .-

- الحرف الأول [ ا ] - الحرف الأخير [ ت ] - [ ا ـ ـ ـ ـ ت ] - عدد الحروف 6 -",القوات,والقوات,لالقوات
"-ويهدف الاستعراض إلى المواءمة بشكل أوثق بين السياسات والممارسات الجنسانية التي تتبعها الوكالة والإطار والأرقام المستهدفة المتفق عليهما خلال المؤتمر العالمي الرابع المعني بالمرأة الذي عقد عام 1995 واللذين استعرضا فيما بعد خلال الدورة ا ـ ـ ـ ـ ـ ـ ـ ـ ـ ة الثالثة والعشرين للجمعية العامة المعنونة "" المرأة عام 2000 : المساواة بين الجنسين والتنمية والسلام في القرن الحادي والعشرين "" .-

- الحرف الأول [ ا ] - الحرف الأخير [ ة ] - [ ا ـ ـ ـ ـ ـ ـ ـ ـ ـ ة ] - عدد الحروف 11 -",الاستثنائية,والاستثنائية,استثنائية
"-عقدت حلقة عمل حول الصناعات ا ـ ـ ـ ـ ـ ـ ة والتنمية المستدامة في المناطق الساحلية في البحر المتوسط ، مع تركيز خاص على صناعة زيت الزيتون ، وذلك في بيروت من 4 إلى 6 كانون الأول / ديسمبر ، كمشروع تعاوني ضم المركز الدولي للعلوم والتكنولوجيا الراقية واليونيدو وعددا من معاهد البحوث والمعاهد ا ـ ـ ـ ـ ـ ـ ة .-

- الحرف الأول [ ا ] - الحرف الأخير [ ة ] - [ ا ـ ـ ـ ـ ـ ـ ة ] - عدد الحروف 8 -",الزراعية,والزراعية,الزراعين
"-٢ - تعرب عن القلق إزاء الحالة المالية المتدهورة فيما ي ـ ـ ـ ق بأنشطة حفظ السلم نتيجة لتخلف الدول الأعضاء عن دفع الأنصبة المقررة عليها ، ولا سيما الدول الأعضاء التي عليها مبالغ متأخرة ؛-

- الحرف الأول [ ي ] - الحرف الأخير [ ق ] - [ ي ـ ـ ـ ق ] - عدد الحروف 5 -",يتعلق,فيتعلق,ليتعلق
