QUESTION_TEXT,OPTION_1,OPTION_2,OPTION_3
"-24 - قام ف ـ ـ ـ  الخبراء الإقليمي الذي أنشئ في كانون الأول / ديسمبر 2005 بتقديم المساعدة إلى الأمانة في مجال عقد الاجتماعات الوطنية ودون الإقليمية بشأن تنفيذ الاتفاقية . وهذا الفريق قادر على المتابعة مع فرادى البلدان بشأن القضايا المحددة المرتبطة بتنفيذ الاتفاقية .-

- الحرف الأول [ ف ] - [ ف ـ ـ ـ  ] - عدد الحروف 4 -",فريق,وفريق,لفريق
"-وإذ ت ـ ـ ـ  الانعكاسات الاقتصادية والاجتماعية السلبية والخطيرة للمستوطنات الاسرائيلية على الشعب الفلسطيني في الأرض الفلسطينية المحتلة منذ عام ٩٦٧١ ، بما فيها القدس ، وعلى السكان العرب للجولان السوري ،-

- الحرف الأول [ ت ] - [ ت ـ ـ ـ  ] - عدد الحروف 4 -",تدرك,وتدرك,لاتدرك
"-٦٢ - وتقوم وزارة الشؤون الاجتماعية في حكومة أنغولا بالموافقة على جميع المساعدات ا ـ ـ ـ ـ ـ ة من برنامج الأغذية العالمي .-

- الحرف الأول [ ا ] - الحرف الأخير [ ة ] - [ ا ـ ـ ـ ـ ـ ة ] - عدد الحروف 7 -",المقدمة,والمقدمة,كالمقدمة
"-ومبادئ ت ـ ـ ـ ـ ـ ة عامة ، مثل الحاجة إلى توخي الفعالية من حيث التكاليف ، لا يمكن اعتبارها بجدية عائقا يمكن التعويل عليه .-

- الحرف الأول [ ت ] - الحرف الأخير [ ة ] - [ ت ـ ـ ـ ـ ـ ة ] - عدد الحروف 7 -",توجيهية,وتوجيهية,التوجيهية
"-٦ وقال إن النتائج التي تمخضت عنها دراسة الأونكتاد المتعددة القطاعات بشأن الآفاق المرتقبة للاقتصاد الفلسطيني ، فيما يتعلق ب ـ ـ ـ ـ ل الفوري وبالآفاق الطويلة الأجل على السواء ، ستوفر معلومات أساسية موضوعية مفيدة لوضع برامج مساعدة من جانب الجهات المانحة المختلفة دعما لجهود الشعب الفلسطيني في الأرض الفلسطينية ككل وقطاع غزة خاصة .-

- الحرف الأول [ ب ] - الحرف الأخير [ ل ] - [ ب ـ ـ ـ ـ ل ] - عدد الحروف 6 -",بالعمل,وبالعمل,بعملك
"-4 - إن أعمال القرصنة والسطو ا ـ ـ ـ ـ ح في البحر قبالة سواحل الصومال هي عرض من أعراض عدم الاستقرار وانعدام سيادة القانون في الصومال .-

- الحرف الأول [ ا ] - الحرف الأخير [ ح ] - [ ا ـ ـ ـ ـ ح ] - عدد الحروف 6 -",المسلح,المسلحه,المسلحة
"-وقد أصدرت بطاقات ه ـ ـ ـ  للاجئين بمساعدة المفوضية في بعض البلدان ، حيث تقتضي الحالة ذلك ، أو حيثما كان ذلك مجديا .-

- الحرف الأول [ ه ] - [ ه ـ ـ ـ  ] - عدد الحروف 4 -",هوية,وهوية,الهوية
"-وشرع المجلس في التصويت على مشروع القرار S / 2006 / 287 ، واعتمده بالإجماع بوصفه القرار 1676 ( 2006 ) ( للاطلاع على النص ، انظر الوثيقة S / RES / 1676 ( 2006 ) ، التي ستصدر ضمن الوثائق الرسمية لمجلس الأمن ، قرارات و ـ ـ ـ ـ ـ ت مجلس الأمن ، 1 آب / أغسطس 2005 - 31 تموز / يوليه 2006 ) .-

- الحرف الأول [ و ] - الحرف الأخير [ ت ] - [ و ـ ـ ـ ـ ـ ت ] - عدد الحروف 7 -",ومقررات,مقررات,كمقررات
"-لذلك فقد طلبوا إلى الأونكتاد أن يجري بحوثا في طبيعة الترتيبات التعاقدية للأطراف وفي مدى إمكانية استخدام هذه الترتيبات كحل لتيسير استخدام التجارة الإلكترونية على نطاق أوسع في خدمات ا ـ ـ ـ ل الدولي ( 18 ) .-

- الحرف الأول [ ا ] - الحرف الأخير [ ل ] - [ ا ـ ـ ـ ل ] - عدد الحروف 5 -",النقل,فالنقل,والنقل
"-( ه ) ت ـ ـ ـ ر حماية مناسبة لضحايا أعمال العنف والجرائم المرتكبة بدافع العنصرية أو التمييز العنصري أو كره الأجانب أو ما يتصل بذلك من تعصب ، أفرادا كانوا أم جماعات ، تأمينا لهم من أي ضرب من ضروب الإساءة أو الترهيب أو الانتقام ، على أن تشمل هذه الحماية أيضا الأقرباء والمدعين والمحامين والشهود وبوجه عام كل من شارك في التحقيق والإجراءات القانونية ؛-

- الحرف الأول [ ت ] - الحرف الأخير [ ر ] - [ ت ـ ـ ـ ر ] - عدد الحروف 5 -",توفير,كتوفير,لتوفير
"-والآلية القضائية الجديدة المخصصة للتصدي لأعمال القرصنة والسطو المسلح في ا ـ ـ ـ ر قبالة سواحل الصومال ستعالج حالة تختلف عما تعالجه محاكم الأمم المتحدة والمحاكم المدعومة من الأمم المتحدة .-

- الحرف الأول [ ا ] - الحرف الأخير [ ر ] - [ ا ـ ـ ـ ر ] - عدد الحروف 5 -",البحر,فالبحر,كالبحر
"-لكن ، وفقا ل ـ ـ ـ ـ ة ٦ من المادة ٣ من المرفق يدعى الطرفان الى الاتفاق على حل وسط وإذا لم يتوصلا الى ذلك في غضون ثلاثة أشهر جاز عرض النزاع على الهيئة بطلب من جانب واحد ) المادة ٣ ، الفقرة ٨ ( ولا يرى المراقب عن سويسرا سببا مقبولا لوجود هذه القاعدة المستعارة من اتفاقيات قديمة ، وهي قاعدة يبدو أن نتيجتها الوحيدة هي تأخير اجراء يراد الإسراع به .-

- الحرف الأول [ ل ] - الحرف الأخير [ ة ] - [ ل ـ ـ ـ ـ ة ] - عدد الحروف 6 -",للفقرة,لفقرة,والفقرة
"-وبطبيعة الحال يجب أن يجري العمل في إطار القانون واحترام س ـ ـ ـ ة الدول ، ويجب أن تراعى فيه السمات الخاصة لكل دولة .-

- الحرف الأول [ س ] - الحرف الأخير [ ة ] - [ س ـ ـ ـ ة ] - عدد الحروف 5 -",سيادة,وسيادة,ولسيادة
"-نصيب الفرد من ا ـ ـ ـ ل القومي الإجمالي ( بدولارات الولايات المتحدة )-

- الحرف الأول [ ا ] - الحرف الأخير [ ل ] - [ ا ـ ـ ـ ل ] - عدد الحروف 5 -",الدخل,فالدخل,والدخل
"-رابعا - التوسع في مجال ا ـ ـ ـ ـ ـ ـ ـ ـ ـ ة الوقائية وتقديم المساعدة الانسانية وتسوية المنازعات-

- الحرف الأول [ ا ] - الحرف الأخير [ ة ] - [ ا ـ ـ ـ ـ ـ ـ ـ ـ ـ ة ] - عدد الحروف 11 -",الدبلوماسية,والدبلوماسية,بالدبلوماسية
"-"" ويناشد مجلس الأمن بلدان المنطقة ، وفريق الأصدقاء ، ووكالات الأمم المتحدة وصناديقها وبرامجها ، والمجتمع الدولي ، النظر في تقديم المساعدة إلى أمانة المؤتمر والصندوق الخاص للتعمير والتنمية في منطقة البحيرات ا ـ ـ ـ ـ ى من أجل دعم تنفيذ الأطراف ميثاق السلام والاستقرار والتنمية في منطقة البحيرات ا ـ ـ ـ ـ ى "" .-

- الحرف الأول [ ا ] - الحرف الأخير [ ى ] - [ ا ـ ـ ـ ـ ى ] - عدد الحروف 6 -",الكبرى,لكبرى,بالكبرى
"-28 - وفي أعقاب التقرير الذي قدمه الرئيس المشارك لفريق الاتصال ، اعتمد الفريق ا ـ ـ ـ ـ ل مشروع المقرر الوارد في ورقة قاعة الاجتماع الذي عمم أثناء الدورة ، أو تم تعديله شفويا .-

- الحرف الأول [ ا ] - الحرف الأخير [ ل ] - [ ا ـ ـ ـ ـ ل ] - عدد الحروف 6 -",العامل,فالعامل,كالعامل
"-: : الإرشاد وإسداء المشورة لكبار المسؤولين والموظفين ذوي الرتب المتوسطة في السجون ، ولا سيما بشأن إ ـ ـ ـ ة السجون والمعاملة الإنسانية للسجناء ، عن طريق الاشتراك اليومي في المواقع مع موظفي السجون المعارين في 13 سجنا ، في شمال السودان ( 3 ) وجنوبه ( 10 )-

- الحرف الأول [ إ ] - الحرف الأخير [ ة ] - [ إ ـ ـ ـ ة ] - عدد الحروف 5 -",إدارة,فإدارة,إلإدارة
"-9 - ترحب بالقرار الذي اتخذه مجلس مرفق البيئة العالمية ، في اجتماعه المعقود في الفترة من 1 إلى 3 تشرين الثاني / نوفمبر 2000 ، والذي طلب فيه إلى الرئيس ا ـ ـ ـ ـ ـ ـ ي استكشاف أفضل الخيارات المتاحة لتعزيز الدعم الذي يقدمه المرفق لمساعدة البلدان المتضررة ، وبخاصة البلدان الواقعة في أفريقيا ، على تنفيذ الاتفاقية ، مع مراعاة التجديد الثالث للموارد ( ) ؛-

- الحرف الأول [ ا ] - الحرف الأخير [ ي ] - [ ا ـ ـ ـ ـ ـ ـ ي ] - عدد الحروف 8 -",التنفيذي,والتنفيذي,تنفيذي
"-489 - والتأمين ا ـ ـ ـ ي العام إلزامي لجميع الأشخاص الوارد تعريفهم في قانون التأمين ا ـ ـ ـ ي العام .-

- الحرف الأول [ ا ] - الحرف الأخير [ ي ] - [ ا ـ ـ ـ ي ] - عدد الحروف 5 -",الصحي,والصحي,الصرف
