QUESTION_TEXT,OPTION_1,OPTION_2,OPTION_3
"-"" ٢ - يؤيد تأييدا كاملا جميع الترتيبات والتدابير الناجمة عن بذل جهود جماعية كالمعروضة أعلاه ، ولا سيما تقديم المساعدة والدعم لمراقبي وقف اطلاق النار ، لتعزيز الوقف الفعال للأعمال العسكرية في يوغوسلافيا وتيسير تنفيذ العملية التي بدئت في إطار ا ـ ـ ـ ـ ـ ر المعني بيوغوسلافيا ؛-

- الحرف الأول [ ا ] - الحرف الأخير [ ر ] - [ ا ـ ـ ـ ـ ـ ر ] - عدد الحروف 7 -",المؤتمر,والمؤتمر,المؤتمري
"-١ - تدعو الدول الأعضاء المهتمة بالأمر إلى ت ـ ـ ـ ز تبادل المعلومات فيما بينها ومع جميع الأجهزة والمنظمات والهيئات المختصة في منظومة الأمم المتحدة بشأن الأنشطة والبرامج والخبرات لدى الدول الأعضاء ومنظومة الأمم المتحدة فيما يتعلق بمباشرة الأعمال الحرة والتحول إلى القطاع الخاص وإلغاء الاحتكار والتحرر من القيود الإدارية ، وذلك عملا على زيادة كفاءة وفعالية التعاون التقني في هذا المجال ؛-

- الحرف الأول [ ت ] - الحرف الأخير [ ز ] - [ ت ـ ـ ـ ز ] - عدد الحروف 5 -",تعزيز,وتعزيز,لتعزيز
"-واستفادت البلدان التالية من مساعدة الأونكتاد في دعم إعداد ا ـ ـ ـ ـ ـ ـ ن الوطنية للمنافسة : إكوادور ، إندونيسيا ، أنغولا ، أوروغواي ، باراغواي ، بوتان ، بوتسوانا ، الجمهورية الدومينيكية ، جمهورية لاو الديمقراطية الشعبية ، رواندا ، غانا ، كمبوديا ، كوستاريكا ، ليسوتو .-

- الحرف الأول [ ا ] - الحرف الأخير [ ن ] - [ ا ـ ـ ـ ـ ـ ـ ن ] - عدد الحروف 8 -",القوانين,والقوانين,فالقوانين
"-وفي هذا السياق شجع جميع الأطراف على إحراز مزيد من التقدم لتنفيذ ق ـ ـ ـ  عام 1995 بشأن الشرق الأوسط .-

- الحرف الأول [ ق ] - [ ق ـ ـ ـ  ] - عدد الحروف 4 -",قرار,القرار,قرارا
"-حاء - كفالة استجابة متكاملة على نطاق منظومة الأمم المتحدة لقضايا ا ـ ـ ـ ـ ر وتدهور الأراضي والجفاف-

- الحرف الأول [ ا ] - الحرف الأخير [ ر ] - [ ا ـ ـ ـ ـ ر ] - عدد الحروف 6 -",التصحر,والتصحر,تصحر
"-ومن جملة التعهدات المؤكدة التي تصل إلى 150 مليون دولار ت ـ ـ ـ ـ ا ، أدرج في الميزانية الوطنية لعام 2006 مبلغ 25 . 4 مليون دولار في شكل دعم مباشر للميزانية ، مقدم من البنك الدولي وهولندا وفرنسا وبلجيكا .-

- الحرف الأول [ ت ] - الحرف الأخير [ ا ] - [ ت ـ ـ ـ ـ ا ] - عدد الحروف 6 -",تقريبا,فتقريبا,وتقريبا
"-65 - ما النسبة المقدرة لمتعاطي المخدرات المحتاجين إلى العلاج الذين يخضعون في الوقت ا ـ ـ ـ ـ ن للعلاج في بلدكم ؟-

- الحرف الأول [ ا ] - الحرف الأخير [ ن ] - [ ا ـ ـ ـ ـ ن ] - عدد الحروف 6 -",الراهن,الراهنة,راهن
"-( ب ) تحديد المخزونات البائدة من مبيدات الآفات وغيرها من المواد الكيميائية بما في ذلك مركبات ثنائية ا ـ ـ ـ ـ ـ ل المتعدد الكلور ( PCB ) ، وإبطال مفعولها ؛-

- الحرف الأول [ ا ] - الحرف الأخير [ ل ] - [ ا ـ ـ ـ ـ ـ ل ] - عدد الحروف 7 -",الفينيل,الفينيلين,والفينيل
"-سيقدم وكيل الأمين العام لخدمات الرقابة ا ـ ـ ـ ـ ـ ـ ة إحاطة خاصة لأعضاء اللجنة الخامسة بشأن تقرير الأمين العام عن تحسين آليات الرقابة ا ـ ـ ـ ـ ـ ـ ة في الصناديق والبرامج التنفيذية ( النسخة المستكملة ( ( A / 55 / 826 ) ، اليوم 23 آذار / مارس ، الساعة 15 / 13 في غرفة الاجتماعات 6 .-

- الحرف الأول [ ا ] - الحرف الأخير [ ة ] - [ ا ـ ـ ـ ـ ـ ـ ة ] - عدد الحروف 8 -",الداخلية,لداخلية,بالداخلية
"-وكشفت دراسات عديدة أدلة قائمة على التجربة تفيد بالمعاملة التمييزية للمدعى عليهم على أساس ا ـ ـ ـ ق أو الإثنية . . .-

- الحرف الأول [ ا ] - الحرف الأخير [ ق ] - [ ا ـ ـ ـ ق ] - عدد الحروف 5 -",العرق,والعرق,العرقى
"-وعقب افتتاح الدورة ، رحبت السيدة كاتارينا كومير بايري ، ا ـ ـ ـ ـ ـ ة التنفيذية لأمانة الاتفاقية بالمشاركين قائلة إن الاتفاقية مرحلة مثيرة وانتقالية .-

- الحرف الأول [ ا ] - الحرف الأخير [ ة ] - [ ا ـ ـ ـ ـ ـ ة ] - عدد الحروف 7 -",الأمينة,والأمينة,لأمينة
"-بل إن باستطاعة البلدان ذات القدرة المتدنية في مجال التكنولوجيا الأحيائية أن تجمع معا ، لدى إجراء "" تقييم الاحتياجات من القدرات "" ، أصحاب الشأن ذوي العلاقة - بمن فيهم صانعو السياسات ، والقائمون على وضع ا ـ ـ ـ ـ ـ ح التنظيمية ، والأوساط العلمية ، والقطاع الخاص - لوضع الخطط لاستخدام الموارد النادرة بطريقة كفؤة بما يتفق والاحتياجات الوطنية وتعيين المؤسسات الرئيسية التي يمكن أن تصبح جهات وصل أو مراكز للخبرة الرفيعة .-

- الحرف الأول [ ا ] - الحرف الأخير [ ح ] - [ ا ـ ـ ـ ـ ـ ح ] - عدد الحروف 7 -",اللوائح,واللوائح,باللوائح
"-وتدعم الوكالة الدول الأعضاء المشاركة في برامج دولية لإعادة وقود مفاعلات البحوث إلى بلد ا ـ ـ ـ ـ أ وللحد من استخدام وقود اليورانيوم الشديد الإثراء .-

- الحرف الأول [ ا ] - الحرف الأخير [ أ ] - [ ا ـ ـ ـ ـ أ ] - عدد الحروف 6 -",المنشأ,والمنشأ,لمنشأ
"-الأول - الأجزاء الاستهلالية من تقارير الدول الأطراف ( "" ا ـ ـ ـ ـ ـ ق الأساسية "" ) بموجب شتى-

- الحرف الأول [ ا ] - الحرف الأخير [ ق ] - [ ا ـ ـ ـ ـ ـ ق ] - عدد الحروف 7 -",الوثائق,فالوثائق,والوثائق
"-49 - وعممت الأمانة إضافة إلى ذلك المعلومات المتصلة بالإجراء التنظيمي المحلي لأحد الأطراف ، ( مما لم يسفر عن ف ـ ـ  حظر على مادة كيميائية أو تقييدها بشدة ) على جميع الأطراف مشفوعة بالعدد الحادي والعشرين لمنشور الموافقة المسبقة عن علم ( حزيران / يونيه 2005 ) بناء على الطلب .-

- الحرف الأول [ ف ] - [ ف ـ ـ  ] - عدد الحروف 3 -",فرض,وفرض,فبفرض
"-٢٥ - ١٢ في ميدان الإحصاءات ، بغية الاستجابة بطريقة أفضل للتغيرات الهامة التي حدثت في بلدان عديدة في وسط وشرق أ ـ ـ ـ ـ ا والتكيف مع الأولويات الجديدة ، جرى تعديل الأنشطة التي نفذت في إطار هذا البرنامج كلما أمكن ذلك للتركيز على المشاكل والقضايا الاحصائية ذات الأهمية الخاصة بالنسبة للبلدان الاعضاء في اللجنة الاقتصادية لاوروبا والتي تجتاز اقتصاداتها مرحلة تحول إلى نظام ذي وجهة سوقية .-

- الحرف الأول [ أ ] - الحرف الأخير [ ا ] - [ أ ـ ـ ـ ـ ا ] - عدد الحروف 6 -",أوروبا,كأوروبا,أوروباو
"-7 - وعقدت اللجنة خلال دورتها الرابعة والعشرين المعقودة في 27 تشرين الثاني / نوفمبر 2000 يومها للمناقشة العامة بالتعاون مع المنظمة العالمية للملكية ا ـ ـ ـ ـ ـ ة بشأن "" حق كل فرد في الاستفادة من حماية المصالح الأدبية والمادية الناشئة عن أي إنتاج علمي أو أدبي أو فني يكون هو مؤلفه "" ( المادة 15 ( 1 ) ( ج ) من العهد ) .-

- الحرف الأول [ ا ] - الحرف الأخير [ ة ] - [ ا ـ ـ ـ ـ ـ ة ] - عدد الحروف 7 -",الفكرية,والفكرية,الفكريه
"-وأثناء المناقشة ، تناول الكلمة ممثلو بوركينا فاسو ، وتركيا ، و ـ ـ ـ ـ ـ ـ ـ د وتوباغو ، والسنغال ، والسويد ، والصين ، وفنلندا ، وكندا ، وكينيا ، ومصر ، والمغرب ، والمملكة المتحدة ، والهند ، والولايات المتحدة الأمريكية .-

- الحرف الأول [ و ] - الحرف الأخير [ د ] - [ و ـ ـ ـ ـ ـ ـ ـ د ] - عدد الحروف 9 -",وترينيداد,ترينيداد,لترينيداد
"-18 - وركز الحزب الشيوعي النيبالي الماوي بشدة على تعبئة شباب نيبال عن طريق اتحاد الطلبة الوطني المستقل لعموم نيبال ( ثوري ) ، الذي كان نشيطا للغاية خ ـ ـ ـ  السنوات العشر الماضية .-

- الحرف الأول [ خ ] - [ خ ـ ـ ـ  ] - عدد الحروف 4 -",خلال,وخلال,وخلالها
"-وقد عقدنا العزم على إحراز تقدم كبير في جميع مجالات المعاهدة عن طريق ضمان التطبيق الكامل للمعايير الدولية لعدم الانتشار النووي بغية مواجهة التهديدات والتحديات الراهنة ، وذلك باتخاذ خطوات عملية نحو إزالة الأسلحة النووية بالكامل وبتعزيز التعاون الدولي في مجال استخدام الطاقة النووية للأغراض ا ـ ـ ـ ـ ـ ة لصالح البشرية .-

- الحرف الأول [ ا ] - الحرف الأخير [ ة ] - [ ا ـ ـ ـ ـ ـ ة ] - عدد الحروف 7 -",السلمية,والسلمية,بالسلمية
