QUESTION_TEXT,OPTION_1,OPTION_2,OPTION_3
"-00 / 10 - 00 / 13 جلسة مغلقة غرفة ا ـ ـ ـ ـ ـ ـ ـ ـ ت 9-

- الحرف الأول [ ا ] - الحرف الأخير [ ت ] - [ ا ـ ـ ـ ـ ـ ـ ـ ـ ت ] - عدد الحروف 10 -",الاجتماعات,بالاجتماعات,لاجتماعات
"-وكما هو الشأن ب ـ ـ ـ ـ ـ ة لإطار عمل الأمم المتحدة للمساعدة الإنمائية الحالي ، ستوافق حكومة البلد المضيف وأعضاء فريق الأمم المتحدة القطري على هذه الوثيقة .-

- الحرف الأول [ ب ] - الحرف الأخير [ ة ] - [ ب ـ ـ ـ ـ ـ ة ] - عدد الحروف 7 -",بالنسبة,فبالنسبة,وبالنسبة
"-14 - تمويل وفرض التنفيذ الصارم للسياسات الوطنية بشأن العنف والتمييز ضد المرأة و ـ ـ ـ ـ ـ ة ، ودمج إجراءات لمتابعة الدراسة التي أجراها الأمين العام للأمم المتحدة في عام 2006 حول العنف ضد الأطفال ، والدراسة المتعمقة التي أجراها الأمين العام للأمم المتحدة في عام 2006 حول العنف ضد المرأة .-

- الحرف الأول [ و ] - الحرف الأخير [ ة ] - [ و ـ ـ ـ ـ ـ ة ] - عدد الحروف 7 -",والطفلة,والطفل,الطفلة
"-وإذ يلاحظ أنه عملا بمبدأ المسؤوليات المشتركة وإن كانت متمايزة التي تحكم الاتفاقية ، على البلدان ا ـ ـ ـ ـ ـ ف المتقدمة أن "" تأخذ بزمام المبادرة إلى تعديل الاتجاهات الأطول أجلا للانبعاثات البشرية المصدر "" أو تخفيفها ( الفقرة 2 ( أ ) من المادة 4 من الاتفاقية ) ، في حين أن البلدان ا ـ ـ ـ ـ ـ ف النامية ، التي هي أشد تعرضا للآثار السلبية لتغير المناخ ، معنية أساسا بالتكيف ،-

- الحرف الأول [ ا ] - الحرف الأخير [ ف ] - [ ا ـ ـ ـ ـ ـ ف ] - عدد الحروف 7 -",الأطراف,والأطراف,لأطراف
"-"" ويلاحظ المجلس الإسهام الهام للمنظمات الإقليمية ودون الإقليمية والمجتمع المدني وغيرها من أصحاب المصلحة في ا ـ ـ ـ ـ ـ ة السلمية للمنازعات ، وبخاصة عن طريق الوساطة ، ويشيد بها لما تبذله من جهود .-

- الحرف الأول [ ا ] - الحرف الأخير [ ة ] - [ ا ـ ـ ـ ـ ـ ة ] - عدد الحروف 7 -",التسوية,والتسوية,تسوية
"-فبعد مرور خمسة أشهر على أول انتخابات حرة وديمقراطية عرفها ذلك البلد ، قضت محاولة الانقلاب بشكل وحشي على حركة الانفتاح و ـ ـ ـ ـ ـ ـ ـ ة الوطنية التي شرع بها بنبل كبير الرئيس نداداي .-

- الحرف الأول [ و ] - الحرف الأخير [ ة ] - [ و ـ ـ ـ ـ ـ ـ ـ ة ] - عدد الحروف 9 -",والمصالحة,المصالحة,بالمصالحة
"-"" ويؤكد مجلس الأمن مجددا على الأهمية الحاسمة لتوفر التمويل في الوقت المناسب وبصورة مرنة ويمكن التنبؤ بها لبناء ا ـ ـ ـ ـ م ، ويحث الدول الأعضاء والشركاء الآخرين على زيادة الجهود الرامية إلى تحقيق هذا الهدف ، بما في ذلك من خلال تجديد موارد صندوق بناء ا ـ ـ ـ ـ م والصناديق الاستئمانية المتعددة المانحين .-

- الحرف الأول [ ا ] - الحرف الأخير [ م ] - [ ا ـ ـ ـ ـ م ] - عدد الحروف 6 -",السلام,فالسلام,عليهالسلام
"-[ ملاحظة : فتح باب التسجيل في قائمة المتكلمين في إطار البندين 80 ( سيادة القانون على الصعيدين الوطني والدولي ) و 33 من جدول الأعمال ( ا ـ ـ ـ ـ ـ ض شامل لكامل مسألة عمليات حفظ السلام من جميع نواحي هذه العمليات ) .-

- الحرف الأول [ ا ] - الحرف الأخير [ ض ] - [ ا ـ ـ ـ ـ ـ ض ] - عدد الحروف 7 -",استعراض,كاستعراض,الاستعراض
"-ودعت الممثلة الخاصة إلى فحص الصلة بين وجود الجماعات المسلحة وارتفاع معدلات العنف ضد المدنيين ، لا سيما من النساء ؛ وإلى استخدام مؤشرات جديدة لاكتشاف المخاطر والإبلاغ عن العنف الجنسي ، من قبيل تحركات الجماعات المسلحة وأعمال النهب ؛ وزيادة الدعم المقدم لتنفيذ استراتيجية الأمم المتحدة الشاملة لمكافحة العنف الجنسي في جمهورية الكونغو الديمقراطية ، التي أدرجت في الاستراتيجية ا ـ ـ ـ ـ ـ ة لمكافحة العنف الجنساني .-

- الحرف الأول [ ا ] - الحرف الأخير [ ة ] - [ ا ـ ـ ـ ـ ـ ة ] - عدد الحروف 7 -",الوطنية,لوطنية,بالوطنية
"-٤ - وفيما يتعلق ببرنامج عمل ا ـ ـ ـ ـ ة الموضوعية ، اتفق على أنه يجوز تخصيص الأيام الثلاثة الأولى للبيانات العامة ، بحيث يتناول المؤتمر بعد ذلك المسائل الموضوعية المعروضة عليه .-

- الحرف الأول [ ا ] - الحرف الأخير [ ة ] - [ ا ـ ـ ـ ـ ة ] - عدد الحروف 6 -",الدورة,والدورة,بالدورة
"-4 - يطلب أيضا من الأمانة الشروع في مشاورات مع مراكز اتفاقية بازل الإقليمية والتنسيقية الأربعة عشر بفرض تحديد الكيفية التي يمكن أن تسهم بها هذه المراكز في توفير وتحسين التعاون على المستوى الإقليمي مع اتفاقية استكهولم للملوثات العضوية الثابتة واتفاقية روتردام المتعلقة بتطبيق إجراء الموافقة المسبقة عن علم على مواد كيميائية ومبيدات آفات معينة خ ـ ـ ـ  متداولة في التجارة الدولية وبروتوكول مونتريال بشأن المواد المستنفدة لطبقة الأوزون ؛-

- الحرف الأول [ خ ] - [ خ ـ ـ ـ  ] - عدد الحروف 4 -",خطرة,وخطرة,الخطرة
"-5 - اعتبارا من 27 كانون الأول / ديسمبر 2005 ، تسلمت الأمانة إخطارين بمكونات المواد المستخدمة أحدهما يتعلق ب ـ ـ ـ ـ ـ ـ م الكلوردين في هياكل المنازل حيث يدخل كأحد المكونات ، والآخر يتعلق ب ـ ـ ـ ـ ـ ـ م سباعي الكلور في هياكل المنازل حيث يدخل كأحد المكونات .-

- الحرف الأول [ ب ] - الحرف الأخير [ م ] - [ ب ـ ـ ـ ـ ـ ـ م ] - عدد الحروف 8 -",باستخدام,باستخدان,فباستخدام
"-9 - يشجع السلطات البوروندية على مواصلة التعاون مع الأمين العام لأغراض منها إنشاء الآليتين ا ـ ـ ـ ـ ر إليهما في قرار المجلس 1606 ( 2005 ) ،-

- الحرف الأول [ ا ] - الحرف الأخير [ ر ] - [ ا ـ ـ ـ ـ ر ] - عدد الحروف 6 -",المشار,والمشار,مشار
"-وإذ تؤكد من جديد أن الديمقراطية والتنمية واحترام حقوق الإنسان والحريات الأساسية أمور مترابطة ومتداعمة ، وأن الديمقراطية تقوم على إرادة الشعب المعرب عنها بحرية لتقرير نظمه السياسية و ـ ـ ـ ـ ـ ـ ـ ـ ـ ة والاجتماعية والثقافية ومشاركته التامة في جميع جوانب حياته ،-

- الحرف الأول [ و ] - الحرف الأخير [ ة ] - [ و ـ ـ ـ ـ ـ ـ ـ ـ ـ ة ] - عدد الحروف 11 -",والاقتصادية,والاجتماعية,والسياسية
"-ويوجه رد الجهة المشترية في غضون ف ـ ـ ـ  معقولة لتمكين المورد أو المقاول من تقديم طلبه الخاص بالتأهيل في الوقت المناسب .-

- الحرف الأول [ ف ] - [ ف ـ ـ ـ  ] - عدد الحروف 4 -",فترة,وفترة,ففترة
"-8 - تشجع البلدان المستفيدة على تعزيز التحكم في سير عملية ا ـ ـ ـ ـ ـ ـ م ، بطرق منها المساهمة في تنفيذ برنامج المساعدة كلما أمكن ؛-

- الحرف الأول [ ا ] - الحرف الأخير [ م ] - [ ا ـ ـ ـ ـ ـ ـ م ] - عدد الحروف 8 -",الانضمام,والانضمام,لانضمام
"-: : ويجب التعجيل بتعبئة الموارد لمواجهة وباء فيروس نقص المناعة ا ـ ـ ـ ـ ـ ة والإيدز وغير ذلك من الأمراض وتعزيز النظم الصحية في سياق نهج إنمائي واسع النطاق حيث تسير إصلاحات القطاع الصحي جنبا إلى جنب مع تخفيف وطأة الفقر والمشاركة المحلية .-

- الحرف الأول [ ا ] - الحرف الأخير [ ة ] - [ ا ـ ـ ـ ـ ـ ة ] - عدد الحروف 7 -",البشرية,بالبشرية,والبشرية
"-وهم يضطرون في الغالب ، بسبب ا ـ ـ ـ ـ د الاقتصادية التي يعانون منها الى العودة الى مناطق غير مأمونة ولا تزال الغام مزروعة فيها .-

- الحرف الأول [ ا ] - الحرف الأخير [ د ] - [ ا ـ ـ ـ ـ د ] - عدد الحروف 6 -",القيود,لقيود,والقيود
"-كما شجعت مؤتمر الأمم المتحدة للتجارة والتنمية وغيره من المنظمات المعنية على مساعدة البلدان النامية في الجهود التي تبذلها لدمج السياسات ا ـ ـ ـ ـ ـ ـ ة بالعلم والتكنولوجيا والابتكار في الاستراتيجيات الإنمائية الوطنية .-

- الحرف الأول [ ا ] - الحرف الأخير [ ة ] - [ ا ـ ـ ـ ـ ـ ـ ة ] - عدد الحروف 8 -",المتعلقة,والمتعلقة,ومتعلقة
"-وأبطل حظر عمل النساء ليلا بموجب القانون رقم 297 / 1999 المعدل لمدونة قانون ا ـ ـ ـ ل والذي ألغى الأحكام التمييزية المنصوص عليها في الفقرتين 151 و152 من مدونة قانون ا ـ ـ ـ ل ؛ وتم تحديد شروط ا ـ ـ ـ ل الليلي من جديد بموجب الأحكام المنصوص عليها في الفقرة 99 من مدونة قانون ا ـ ـ ـ ل .-

- الحرف الأول [ ا ] - الحرف الأخير [ ل ] - [ ا ـ ـ ـ ل ] - عدد الحروف 5 -",العمل,فالعمل,العمله
