QUESTION_TEXT,OPTION_1,OPTION_2,OPTION_3
"-وخلال ا ـ ـ ـ ـ ـ ض برنامج عمل شعبة السكان التابعة لإدارة الشؤون الاقتصادية والاجتماعية في الأمانة العامة ، نظرت اللجنة في عدد من الدراسات ذات الجوانب الجنسانية ، ومن بينها على سبيل المثال دراسات عن أنماط الزواج وسياسات الإجهاض وارتفاع نسبة كبار السن بين السكان .-

- الحرف الأول [ ا ] - الحرف الأخير [ ض ] - [ ا ـ ـ ـ ـ ـ ض ] - عدد الحروف 7 -",استعراض,كاستعراض,الاستعراض
"-٦ - وناقش الرئيس شيسانو والسيد دلاكاما بعض المسائل ا ـ ـ ـ ـ ة الأخرى ، بما فيها المسائل المتعلقة بحيادية الصحافة والمساعدة الاقتصادية لرينامو .-

- الحرف الأول [ ا ] - الحرف الأخير [ ة ] - [ ا ـ ـ ـ ـ ة ] - عدد الحروف 6 -",الهامة,والهامة,المهمة
"-٥٢ هاء - ٦٠١ وبموجب اتفاقات تقاسم التكاليف القائمة مع اليونيدو والوكالة الدولية للطاقة الذرية تقدر المبالغ المسددة عن الخدمات التي يقدمها م ـ ـ ـ  الأمم المتحدة في فيينا ، والتي ترد في باب الإيرادات ٢ ، بمبلغ ١٠٠ ٥٠٣ ٢ دولار ، على افتراض استمرار نفس مستوى الطلب في عامي ١٩٩٤ و ١٩٩٥ .-

- الحرف الأول [ م ] - [ م ـ ـ ـ  ] - عدد الحروف 4 -",مكتب,كمكتب,المكتب
"-٥٢ - توفر المنظمات الدولية داخل وخارج منظومة الأمم المتحدة ، مصدرا محدودا للموظفين من ذوي ا ـ ـ ـ ـ ة الذين يمكن إعارتهم لعمليات حفظ السلم .-

- الحرف الأول [ ا ] - الحرف الأخير [ ة ] - [ ا ـ ـ ـ ـ ة ] - عدد الحروف 6 -",الخبرة,والخبرة,لخبرة
"-44 - وافق المجلس واللجنة في السنة الماضية على عدة توصيات لتحسين نظام الجزاءات المفروضة على تنظيم القاعدة وحركة ا ـ ـ ـ ـ ـ ـ ن من حيث عدالته وشفافيته ، مع تفصيل العديد من هذه التحسينات في التقرير السابق للفريق ( S / 2006 / 154 ، الفقرة 41 ) .-

- الحرف الأول [ ا ] - الحرف الأخير [ ن ] - [ ا ـ ـ ـ ـ ـ ـ ن ] - عدد الحروف 8 -",الطالبان,لطالبان,طالبان
"-ويتطلب إحقاق هذه الحقوق الإرادة السياسية ، ورصد قدر مناسب من الموارد ، وكفالة عدم التضحية بحق المرأة في الموارد ا ـ ـ ـ ـ ـ ـ ة في سبيل أولويات أخرى .-

- الحرف الأول [ ا ] - الحرف الأخير [ ة ] - [ ا ـ ـ ـ ـ ـ ـ ة ] - عدد الحروف 8 -",الأساسية,والأساسية,الأساسي
"-وفي الحالات التي يجد فيها منسق عمليات الإغاثة في حالات الطوارئ و ـ ـ ـ ـ ء اللجنة الدائمة أنه من الضروري تعيين منسق للمساعدة الإنسانية من خارج جهاز المنسقين المقيمين يمكن أيضا لذلك المنسق ، من حيث المبدأ ، ذكرا كان أم أنثى ، أن يعين كمنسق مقيم ؛-

- الحرف الأول [ و ] - الحرف الأخير [ ء ] - [ و ـ ـ ـ ـ ء ] - عدد الحروف 6 -",وأعضاء,وأعضاءه,وأعضاءها
"-وأوكرانيا تتفهم وتتشاطر مشاعر الحزن وتعرب عن تعاطفها الصادق مع شعب اليابان في خسائره خلال الكارثة الطبيعية التي و ـ ـ ـ  مؤخرا والتي أدت إلى حادث محطة فوكوشيما للطاقة وانبعاث الإشعاع .-

- الحرف الأول [ و ] - [ و ـ ـ ـ  ] - عدد الحروف 4 -",وقعت,ووقعت,حدثت
"-6 - استذكر الوزراء الدور التاريخي للمجتمع الدولي والتزاماته ، ولا سيما ، في هذا الصدد ، مجلس الأمن و ـ ـ ـ ـ ـ ـ ة العامة للأمم المتحدة .-

- الحرف الأول [ و ] - الحرف الأخير [ ة ] - [ و ـ ـ ـ ـ ـ ـ ة ] - عدد الحروف 8 -",والجمعية,كالجمعية,الجمعية
"-١٧ - يتضمن المرفقان الثاني والثالث لتقرير الأمين العام معلومات ت ـ ـ ـ ق بالأداء المالي لقوة الأمم المتحدة للحماية في الفترة من ١ نيسان / أبريل الى ٣٠ حزيران / يونيه ١٩٩٣ .-

- الحرف الأول [ ت ] - الحرف الأخير [ ق ] - [ ت ـ ـ ـ ق ] - عدد الحروف 5 -",تتعلق,المتعلقة,لاتتعلق
"-ويدعم البرنامج العالمي لرصد نوعية المياه - اليابان ( المعهد الوطني للدراسات البيئية ) أيضا تنفيذ م ـ ـ ـ ة التفاهم .-

- الحرف الأول [ م ] - الحرف الأخير [ ة ] - [ م ـ ـ ـ ة ] - عدد الحروف 5 -",مذكرة,ومذكرة,لمذكرة
"-وفي هذا الصدد تجدر ا ـ ـ ـ ـ ـ ة إلى الطريقة المبتكرة التي أستفيد فيها من القانون حقوق الإنسان والقانون الإنساني الدولي والقانون الجنائي الدولي والقانون الدولي العام لتحديد أو توضيح فحوى الجرائم الدولية ، أو الحقوق التي لا يجوز تقييدها ، أو القواعد القطعية للقانون الدولي العام .-

- الحرف الأول [ ا ] - الحرف الأخير [ ة ] - [ ا ـ ـ ـ ـ ـ ة ] - عدد الحروف 7 -",الإشارة,الإشار,فالإشارة
"-أما أعمال الدعم التقني التي يلزم الاضطلاع بها فورا فهي تتمثل في تلك المهام التي أصبحت لا تجد من ينهض بها بعد انسحاب كتيبة الاتصالات الهولندية وبعد تخفيض عدد أ ـ ـ ـ د كتيبة السوقيات الفرنسية .-

- الحرف الأول [ أ ] - الحرف الأخير [ د ] - [ أ ـ ـ ـ د ] - عدد الحروف 5 -",أفراد,فأفراد,وأفراد
"-إلا أن م ـ ـ ـ ـ ت الشغور انخفضت إلى نحو 6 في المائة خلال عام 2010 .-

- الحرف الأول [ م ] - الحرف الأخير [ ت ] - [ م ـ ـ ـ ـ ت ] - عدد الحروف 6 -",معدلات,فمعدلات,ومعدلات
"-( ب ) تنفيذ نتائج المؤتمر العالمي الرابع المعني بالمرأة و ـ ـ ـ ـ ج الدورة الاستثنائية الثالثة والعشرين للجمعية العامة-

- الحرف الأول [ و ] - الحرف الأخير [ ج ] - [ و ـ ـ ـ ـ ج ] - عدد الحروف 6 -",ونتائج,ونتائجه,نتائج
"-63 - في البيان الذي أدلى به ر ـ ـ ـ  الدورة السابعة والخمسين في 20 نيسان / أبريل 2001 بالنيابة عن اللجنة E / 2001 / 23 - E / CN . 4 / 2001 / 167 ) ، الفقرة 239 ) ، رجت اللجنة من مفوضة الأمم المتحدة السامية لحقوق الإنسان أن تقدم تقريرا مؤقتا إلى الجمعية العامة في دورتها السادسة والخمسين وتقريرا إلى اللجنة في دورتها الثامنة والخمسين .-

- الحرف الأول [ ر ] - [ ر ـ ـ ـ  ] - عدد الحروف 4 -",رئيس,ورئيس,ئيس
"-196 - وأردفت ق ـ ـ ـ ة إن بروتوكول مونتريال يعتبر أساسيا بالنسبة لجدول أعمال التنمية الدولي وهو هام بصفة خاصة بالنسبة للمجموعات الفقيرة والمهمشة والتي غالبا ما تكون أكثر عرضة لأخطار التدهور البيئي .-

- الحرف الأول [ ق ] - الحرف الأخير [ ة ] - [ ق ـ ـ ـ ة ] - عدد الحروف 5 -",قائلة,وقائلة,قائلآ
"-وعرض وكيل الأمين العام لخدمات الرقابة الداخلية التقرير السنوي لذلك المكتب ( A / 56 / 381 ) والتقريرين المتعلقين بالتفتيش على إدارة البرامج والممارسات الإدارية في مكتب مراقبة المخدرات ومنع الجريمة A / 56 / 83 ) وبمراجعة حسابات عمليات م ـ ـ ـ ـ ة الأمم المتحدة لشؤون اللاجئين في ألبانيا ( A / 56 / 128 ) .-

- الحرف الأول [ م ] - الحرف الأخير [ ة ] - [ م ـ ـ ـ ـ ة ] - عدد الحروف 6 -",مفوضية,ومفوضية,المفوضية
"-وإذ يؤكد من جديد التزامه بالتنفيذ التام لجميع أحكام القرار 1701 ( 2006 ) ، وإدراكا منه لمسؤولياته في المساعدة على كفالة وقف دائم ل ـ ـ ـ ـ ق النار وإيجاد حل طويل الأجل على النحو المتوخى في القرار ،-

- الحرف الأول [ ل ] - الحرف الأخير [ ق ] - [ ل ـ ـ ـ ـ ق ] - عدد الحروف 6 -",لإطلاق,لإطلاقه,ولإطلاق
"-ولكفالة استمرار مجتمع مستقر ومتجانس في جزيرة مان ، قامت الحكومة ب ـ ـ ـ  برنامج تشريعي مدته ثلاث سنوات يشمل حاليا تشريعات جديدة لتجريم التمييز القائم على أساس العنصر واللون والعرق والأصل .-

- الحرف الأول [ ب ] - [ ب ـ ـ ـ  ] - عدد الحروف 4 -",بوضع,بوضعة,ووضع
