QUESTION_TEXT,OPTION_1,OPTION_2,OPTION_3
"-6 - ينبغي للفريق العامل المفتوح العضوية أن يقدم مبادئ توجيهية وتوصيات للمجتمع الدولي ( بما في ذلك المنظمات الدولية والأطراف المانحة والمؤسسات ا ـ ـ ـ ـ ـ ة الدولية والمحافل التجارية الدولية إلخ . ) بشأن تلافي انتهاكات الحق في التنمية والتدابير الدولية الملائمة لإعماله .-

- الحرف الأول [ ا ] - الحرف الأخير [ ة ] - [ ا ـ ـ ـ ـ ـ ة ] - عدد الحروف 7 -",المالية,والمالية,بالمالية
"-74 - وهكذا ، فإن التحليلات الواردة أعلاه للتطوير الجاري للتكنولوجيا الأحيائية الحديثة للمحاصيل في بعض البلدان الأفريقية تبين بصفة عامة الجهود الكبيرة التي تبذلها البرامج الإنمائية الخاصة والعامة من أجل إنشاء مرافق بحثية يمكنها إنتاج كائنات محورة وراثيا في الأراضي ا ـ ـ ـ ـ ـ ة .-

- الحرف الأول [ ا ] - الحرف الأخير [ ة ] - [ ا ـ ـ ـ ـ ـ ة ] - عدد الحروف 7 -",الوطنية,لوطنية,بالوطنية
"-ويشجع الفريق الحكومة والقوات المحايدة على تعزيز تنسيقها بغية إ ـ ـ ـ د بيئة آمنة لتنفيذ خريطة الطريق على نحو سلس ، لا سيما بضمان حرية التنقل وحرية الأنشطة السياسية في جميع أرجاء البلد .-

- الحرف الأول [ إ ] - الحرف الأخير [ د ] - [ إ ـ ـ ـ د ] - عدد الحروف 5 -",إيجاد,كإيجاد,ايجاد
"-وأعادت حكومة العراق التأكيد على آرائها بشأن رفض المشاركة في اجتماعات اللجنة الثلاثية ولجنتها الفرعية الفنية وأكدت من جديد استعدادها للتعاون مع لجنة الصليب ا ـ ـ ـ ـ ر الدولية وعقد اجتماعات ثنائية مع ممثلي الكويت .-

- الحرف الأول [ ا ] - الحرف الأخير [ ر ] - [ ا ـ ـ ـ ـ ر ] - عدد الحروف 6 -",الأحمر,الأحمرة,فالأحمر
"-ثانيتهما أن هذه المعرفة غالبا ما تمتلكها المجتمعات المحلية حيث تضفي الأشكال التقليدية ل ـ ـ ـ ق الملكية الفكرية على الأفراد حقوقا قانونية .-

- الحرف الأول [ ل ] - الحرف الأخير [ ق ] - [ ل ـ ـ ـ ق ] - عدد الحروف 5 -",لحقوق,ولحقوق,حقوق
"-وأعرب عن رأي مفاده أنه ينبغي أن تتميز برامج ا ـ ـ ـ ـ ـ ـ ـ ل الذاتي بالاعتماد على الذات وتحقيق الرخاء الاقتصادي .-

- الحرف الأول [ ا ] - الحرف الأخير [ ل ] - [ ا ـ ـ ـ ـ ـ ـ ـ ل ] - عدد الحروف 9 -",الاستقلال,والاستقلال,الإستقلال
"-وفيما يتعلق بتصحيح المخالفات الإدارية ، أشار ا ـ ـ ـ ـ ن العام في تقريره إلى الجمعية العامة بشأن أنشطة المعهد إلى أن المبالغ المالية التي طلب من المعهد تسديدها عن طريق الخطأ قد أعيدت إليه ولكن سيقوم مجلس مراجعي الحسابات بالتحقق من ذلك .-

- الحرف الأول [ ا ] - الحرف الأخير [ ن ] - [ ا ـ ـ ـ ـ ن ] - عدد الحروف 6 -",الأمين,والأمين,بالأمين
"-34 - السيد لابيه ( شيلي ) : تكلم بالنيابة عن الدول ا ـ ـ ـ ـ ـ ف والموقعة على المعاهدات التي أنشأت مناطق خالية من الأسلحة النووية ومنغوليا ، فأشار إلى أن المؤتمر الثاني للدول ا ـ ـ ـ ـ ـ ف الموقعة على المعاهدات والتي تنشئ مناطق خالية من الأسلحة النووية ومنغوليا ، قد عقد في نيويورك في 30 نيسان / أبريل 2010 وسبقه عقد اجتماع نظمه ممثلو المجتمع المدني .-

- الحرف الأول [ ا ] - الحرف الأخير [ ف ] - [ ا ـ ـ ـ ـ ـ ف ] - عدد الحروف 7 -",الأطراف,والأطراف,لأطراف
"-ويتمثل الهدف المحدد للبنك الدولي في الارتقاء بتصميم وتنفيذ المبادرات الرامية إلى تحسين الفرص ا ـ ـ ـ ـ ـ ـ ـ ة المتاحة للفتيات في العالم النامي .-

- الحرف الأول [ ا ] - الحرف الأخير [ ة ] - [ ا ـ ـ ـ ـ ـ ـ ـ ة ] - عدد الحروف 9 -",التعليمية,والتعليمية,التعليميه
"-وقد أضر تلوث ا ـ ـ ـ ـ ء الناجم عن حرائق النفط ، حسب سوريا ، بعدد كبير من الغريسات وأدى إلى جفاف مراعي الجنيبات .-

- الحرف الأول [ ا ] - الحرف الأخير [ ء ] - [ ا ـ ـ ـ ـ ء ] - عدد الحروف 6 -",الهواء,فالهواء,لهواء
"-وتحث المقررة الخاصة الحكومات على إجراء التعديلات التشريعية اللازمة لضمان عدم معاملة ج ـ ـ ـ م القتل هذه معاملة تمييزية بموجب القانون وتوعية هيئاتها القضائية بالمسائل المتعلقة بالجنسين .-

- الحرف الأول [ ج ] - الحرف الأخير [ م ] - [ ج ـ ـ ـ م ] - عدد الحروف 5 -",جرائم,كجرائم,وجرائم
"-وتشارك في إعدادها وتقييمها وتحديثها الوزارات والإدارات الحكومية الأدنى مستوى المسؤولة مباشرة عن الوضع الرسمي والفعلي للمساواة بين الرجل والمرأة ، كما يشارك أفراد الجمهور المعنيون ، ولا سيما ا ـ ـ ـ ـ ـ ـ ت النسائية غير الحكومية والشركاء الاجتماعيون ( مثل نقابات العمال ومنظمات أصحاب العمل ) ؛-

- الحرف الأول [ ا ] - الحرف الأخير [ ت ] - [ ا ـ ـ ـ ـ ـ ـ ت ] - عدد الحروف 8 -",المنظمات,والمنظمات,كالمنظمات
"-متابعة المؤتمر العالمي الرابع المعني بالمرأة والدورة الاستثنائية للجمعية العامة المعنونة "" المرأة عام 2000 : المساواة بين الجنسين والتنمية والسلام في القرن الحادي والعشرين "" : تنفيذ الأهداف الاستراتيجية والإجراءات الواجب اتخاذها في مجالات الاهتمام الحاسمة واتخاذ مزيد من الإجراءات والمبادرات : ت ـ ـ ـ ز مشاركة المرأة في التنمية : تهيئة بيئة مساعدة على تحقيق المساواة بين الجنسين والنهوض بالمرأة ، تأخذ في الاعتبار عدة ميادين منها التعليم والصحة والعمل-

- الحرف الأول [ ت ] - الحرف الأخير [ ز ] - [ ت ـ ـ ـ ز ] - عدد الحروف 5 -",تعزيز,وتعزيز,لتعزيز
"-تقديم التقارير من الدول ا ـ ـ ـ ـ ـ ف بموجب المادة 19 من الاتفاقية [ 3 ]-

- الحرف الأول [ ا ] - الحرف الأخير [ ف ] - [ ا ـ ـ ـ ـ ـ ف ] - عدد الحروف 7 -",الأطراف,والأطراف,لأطراف
"-و ـ ـ ـ ر التقرير إلى أنه من أصل ٩٤ محكمة في نطاق نظام الولايات المتحدة ، يحتل الإقليم ثالث أعلى مرتبة من حيث ارتفاع عدد الاختبارات الجنائية المقدمة في كل قضية من القضايا .-

- الحرف الأول [ و ] - الحرف الأخير [ ر ] - [ و ـ ـ ـ ر ] - عدد الحروف 5 -",وأشار,أشار,وأشاروا
"-9 - خلال الفترة من 24 أيلول / سبتمبر إلى 12 تشرين الثاني / نوفمبر ، أبلغت المفرزة الأمنية المتكاملة أنها سيرت 1964 دورية نهارية وليلية داخل وحول جميع مخيمات اللاجئين ، وبعض مواقع المشردين داخليا ، وفي بلدات في شرق تشاد حيث تعمل الجهات الفاعلة في ا ـ ـ ـ ـ ل الإنساني .-

- الحرف الأول [ ا ] - الحرف الأخير [ ل ] - [ ا ـ ـ ـ ـ ل ] - عدد الحروف 6 -",المجال,والمجال,هذاالمجال
"-وهذه الخدمة الجديدة التي سيدعمها ت ـ ـ ـ ع جديد سوف تتاح وتقدم خدماتها الكاملة خلال عام 2000 .-

- الحرف الأول [ ت ] - الحرف الأخير [ ع ] - [ ت ـ ـ ـ ع ] - عدد الحروف 5 -",تشريع,كتشريع,وتشريع
"-ويبلغ عدد محطات المراقبين من الشرطة المدنية في ا ـ ـ ـ ت الحالي ٤١ محطة ومن المتوقع أن يزداد هذا العدد بازدياد عدد المراقبين من الشرطة من ٦٢٢ إلى ٧١٦ .-

- الحرف الأول [ ا ] - الحرف الأخير [ ت ] - [ ا ـ ـ ـ ت ] - عدد الحروف 5 -",الوقت,فالوقت,هذاالوقت
"-يجب أن توعز الهيئات التشريعية بأن حدود الولاية يجب أن توضع لمراجعي الحسابات الخارجيين في مؤسسات منظومة الأمم المتحدة ، وأن الموظفين الذين يكونون قد عملوا بصفة مراجعين خارجيين للحسابات يجب منعهم من ممارسة وظائف تنفيذية لمدة ثلاثة أ ـ ـ ـ م في المؤسسات التي يكونون قد تولوا فيها مسؤوليات في مجال الرقابة .-

- الحرف الأول [ أ ] - الحرف الأخير [ م ] - [ أ ـ ـ ـ م ] - عدد الحروف 5 -",أعوام,أعواما,بأعوام
"-مقترحات من أجل برنامج عمل متعدد السنوات للجنة التنمية ا ـ ـ ـ ـ ـ ـ ـ ـ ة للفترة 2002 - 2006*-

- الحرف الأول [ ا ] - الحرف الأخير [ ة ] - [ ا ـ ـ ـ ـ ـ ـ ـ ـ ة ] - عدد الحروف 10 -",الاجتماعية,الإجتماعية,الحالةالاجتماعية
